classification_id,user_name,user_id,user_ip,workflow_id,workflow_name,workflow_version,created_at,gold_standard,expert,metadata,annotations,subject_data,subject_ids
61586085,joannesheppard,1663834,63b9de515c7a531ea723,4459,Descriptions (Part II),13.17,2017-06-27 20:23:20 UTC,,,"{""session"":""14137af59a4d80824b181c5ed905188d7840599b54971128faf2036e6328bb96"",""viewport"":{""width"":1280,""height"":728},""started_at"":""2017-06-27T20:21:13.186Z"",""user_agent"":""Mozilla/5.0 (Macintosh; Intel Mac OS X 10_11_6) AppleWebKit/537.36 (KHTML, like Gecko) Chrome/48.0.2564.116 Safari/537.36"",""utc_offset"":""-3600"",""finished_at"":""2017-06-27T20:23:31.279Z"",""live_project"":true,""user_language"":""en"",""user_group_ids"":[],""subject_dimensions"":[{""clientWidth"":329,""clientHeight"":329,""naturalWidth"":2000,""naturalHeight"":2000},{""clientWidth"":329,""clientHeight"":44,""naturalWidth"":430,""naturalHeight"":58}]}","[{""task"":""T0"",""task_label"":""What image is being described?"",""value"":[""d""]},{""task"":""T1"",""value"":""The answer was clear, citing the information in descending values. However could have been put into a table."",""task_label"":""Was the answer clear? What could be improved?""}]","{""10591498"":{""retired"":null,""id"":""29"",""image1"":""Emissions.jpg"",""image2"":""EmissionsA2.png""}}",10591498
61660969,joannesheppard,1663834,e598c3ef28b13d06b5eb,4459,Descriptions (Part II),13.17,2017-06-28 10:43:57 UTC,,,"{""session"":""70f97e8e18426e7514fe1fd8ca02c2487b875d737b44d725d5b16385d3b7dd28"",""viewport"":{""width"":1280,""height"":654},""started_at"":""2017-06-28T10:40:17.060Z"",""user_agent"":""Mozilla/5.0 (Macintosh; Intel Mac OS X 10_11_6) AppleWebKit/537.36 (KHTML, like Gecko) Chrome/48.0.2564.116 Safari/537.36"",""utc_offset"":""-3600"",""finished_at"":""2017-06-28T10:43:57.502Z"",""live_project"":true,""user_language"":""en"",""user_group_ids"":[],""subject_dimensions"":[{""clientWidth"":589,""clientHeight"":589,""naturalWidth"":2000,""naturalHeight"":2000},{""clientWidth"":416,""clientHeight"":59,""naturalWidth"":416,""naturalHeight"":59}]}","[{""task"":""T0"",""task_label"":""What image is being described?"",""value"":[""Unsure""]},{""task"":""T1"",""value"":""The answer was not clear. Not enough information was given."",""task_label"":""Was the answer clear? What could be improved?""}]","{""10591480"":{""retired"":null,""id"":""11"",""image1"":""Reservoir.jpg"",""image2"":""HeatA1.png""}}",10591480
61775564,not-logged-in-88db8df429dc1cc1108a,,88db8df429dc1cc1108a,4459,Descriptions (Part II),13.17,2017-06-29 15:59:39 UTC,,,"{""session"":""8ab98d308f803be010a94e252399aa01a271c0e7522305924fb4437b9e781af2"",""viewport"":{""width"":1536,""height"":736},""started_at"":""2017-06-29T15:58:08.332Z"",""user_agent"":""Mozilla/5.0 (Windows NT 6.1; Win64; x64) AppleWebKit/537.36 (KHTML, like Gecko) Chrome/58.0.3029.110 Safari/537.36"",""utc_offset"":""-3600"",""finished_at"":""2017-06-29T15:59:38.997Z"",""live_project"":true,""user_language"":""en"",""subject_dimensions"":[{""clientWidth"":331,""clientHeight"":331,""naturalWidth"":2000,""naturalHeight"":2000},{""clientWidth"":420,""clientHeight"":57,""naturalWidth"":420,""naturalHeight"":57}]}","[{""task"":""T0"",""task_label"":""What image is being described?"",""value"":[""Unsure""]},{""task"":""T1"",""value"":""number of sections curve has been divided into is not clear"",""task_label"":""Was the answer clear? What could be improved?""}]","{""10591489"":{""retired"":null,""id"":""20"",""image1"":""Integrals.jpg"",""image2"":""IntegralA1.png""}}",10591489
61775745,not-logged-in-88db8df429dc1cc1108a,,88db8df429dc1cc1108a,4459,Descriptions (Part II),13.17,2017-06-29 16:02:30 UTC,,,"{""session"":""8ab98d308f803be010a94e252399aa01a271c0e7522305924fb4437b9e781af2"",""viewport"":{""width"":1536,""height"":736},""started_at"":""2017-06-29T15:59:43.997Z"",""user_agent"":""Mozilla/5.0 (Windows NT 6.1; Win64; x64) AppleWebKit/537.36 (KHTML, like Gecko) Chrome/58.0.3029.110 Safari/537.36"",""utc_offset"":""-3600"",""finished_at"":""2017-06-29T16:02:30.152Z"",""live_project"":true,""user_language"":""en"",""subject_dimensions"":[{""clientWidth"":449,""clientHeight"":449,""naturalWidth"":2000,""naturalHeight"":2000},{""clientWidth"":430,""clientHeight"":142,""naturalWidth"":430,""naturalHeight"":142}]}","[{""task"":""T0"",""task_label"":""What image is being described?"",""value"":[""Unsure""]},{""task"":""T1"",""value"":""It is either d or a but because there is a mistake in where n and P+ start from it is unclear which is coming from the top of the vertical axis."",""task_label"":""Was the answer clear? What could be improved?""}]","{""10591488"":{""retired"":null,""id"":""19"",""image1"":""Feynmann.jpg"",""image2"":""PdecayA4.png""}}",10591488
61775817,not-logged-in-88db8df429dc1cc1108a,,88db8df429dc1cc1108a,4459,Descriptions (Part II),13.17,2017-06-29 16:03:55 UTC,,,"{""session"":""8ab98d308f803be010a94e252399aa01a271c0e7522305924fb4437b9e781af2"",""viewport"":{""width"":1536,""height"":736},""started_at"":""2017-06-29T16:02:31.546Z"",""user_agent"":""Mozilla/5.0 (Windows NT 6.1; Win64; x64) AppleWebKit/537.36 (KHTML, like Gecko) Chrome/58.0.3029.110 Safari/537.36"",""utc_offset"":""-3600"",""finished_at"":""2017-06-29T16:03:54.898Z"",""live_project"":true,""user_language"":""en"",""subject_dimensions"":[{""clientWidth"":449,""clientHeight"":449,""naturalWidth"":2000,""naturalHeight"":2000},{""clientWidth"":398,""clientHeight"":220,""naturalWidth"":398,""naturalHeight"":220}]}","[{""task"":""T0"",""task_label"":""What image is being described?"",""value"":[""a""]},{""task"":""T1"",""value"":""Yes very clear and easy to understand"",""task_label"":""Was the answer clear? What could be improved?""}]","{""10591493"":{""retired"":null,""id"":""24"",""image1"":""Stirling.jpg"",""image2"":""StirlingA1.png""}}",10591493
61775940,not-logged-in-88db8df429dc1cc1108a,,88db8df429dc1cc1108a,4459,Descriptions (Part II),13.17,2017-06-29 16:05:47 UTC,,,"{""session"":""8ab98d308f803be010a94e252399aa01a271c0e7522305924fb4437b9e781af2"",""viewport"":{""width"":1536,""height"":736},""started_at"":""2017-06-29T16:03:56.982Z"",""user_agent"":""Mozilla/5.0 (Windows NT 6.1; Win64; x64) AppleWebKit/537.36 (KHTML, like Gecko) Chrome/58.0.3029.110 Safari/537.36"",""utc_offset"":""-3600"",""finished_at"":""2017-06-29T16:05:46.449Z"",""live_project"":true,""user_language"":""en"",""subject_dimensions"":[{""clientWidth"":449,""clientHeight"":449,""naturalWidth"":2000,""naturalHeight"":2000},{""clientWidth"":423,""clientHeight"":100,""naturalWidth"":423,""naturalHeight"":100}]}","[{""task"":""T0"",""task_label"":""What image is being described?"",""value"":[""a""]},{""task"":""T1"",""value"":""it could be better by having a description of what is actually happening to volume and pressure along each line"",""task_label"":""Was the answer clear? What could be improved?""}]","{""10591496"":{""retired"":null,""id"":""27"",""image1"":""Stirling.jpg"",""image2"":""StirlingA4.png""}}",10591496
61776083,not-logged-in-88db8df429dc1cc1108a,,88db8df429dc1cc1108a,4459,Descriptions (Part II),13.17,2017-06-29 16:08:19 UTC,,,"{""session"":""8ab98d308f803be010a94e252399aa01a271c0e7522305924fb4437b9e781af2"",""viewport"":{""width"":1536,""height"":736},""started_at"":""2017-06-29T16:05:47.397Z"",""user_agent"":""Mozilla/5.0 (Windows NT 6.1; Win64; x64) AppleWebKit/537.36 (KHTML, like Gecko) Chrome/58.0.3029.110 Safari/537.36"",""utc_offset"":""-3600"",""finished_at"":""2017-06-29T16:08:19.157Z"",""live_project"":true,""user_language"":""en"",""subject_dimensions"":[{""clientWidth"":449,""clientHeight"":449,""naturalWidth"":2000,""naturalHeight"":2000},{""clientWidth"":403,""clientHeight"":164,""naturalWidth"":403,""naturalHeight"":164}]}","[{""task"":""T0"",""task_label"":""What image is being described?"",""value"":[""c""]},{""task"":""T1"",""value"":""There could be more description as to number of rows or columns of the hexagons. Also missing information about how the COOH atoms are joined to the hexagonal structures (i.e. double bonds between the O and C. )"",""task_label"":""Was the answer clear? What could be improved?""}]","{""10591478"":{""retired"":null,""id"":""9"",""image1"":""Graphene.jpg"",""image2"":""GrapheneA4.png""}}",10591478
61776141,not-logged-in-88db8df429dc1cc1108a,,88db8df429dc1cc1108a,4459,Descriptions (Part II),13.17,2017-06-29 16:09:10 UTC,,,"{""session"":""8ab98d308f803be010a94e252399aa01a271c0e7522305924fb4437b9e781af2"",""viewport"":{""width"":1536,""height"":736},""started_at"":""2017-06-29T16:08:20.380Z"",""user_agent"":""Mozilla/5.0 (Windows NT 6.1; Win64; x64) AppleWebKit/537.36 (KHTML, like Gecko) Chrome/58.0.3029.110 Safari/537.36"",""utc_offset"":""-3600"",""finished_at"":""2017-06-29T16:09:09.681Z"",""live_project"":true,""user_language"":""en"",""subject_dimensions"":[{""clientWidth"":449,""clientHeight"":449,""naturalWidth"":2000,""naturalHeight"":2000},{""clientWidth"":396,""clientHeight"":42,""naturalWidth"":396,""naturalHeight"":42}]}","[{""task"":""T0"",""task_label"":""What image is being described?"",""value"":[""Unsure""]},{""task"":""T1"",""value"":""Not clear if it is p or P+ or where each of these lines should be drawn."",""task_label"":""Was the answer clear? What could be improved?""}]","{""10591486"":{""retired"":null,""id"":""17"",""image1"":""Feynmann.jpg"",""image2"":""PdecayA2.png""}}",10591486
61776242,not-logged-in-88db8df429dc1cc1108a,,88db8df429dc1cc1108a,4459,Descriptions (Part II),13.17,2017-06-29 16:10:35 UTC,,,"{""session"":""8ab98d308f803be010a94e252399aa01a271c0e7522305924fb4437b9e781af2"",""viewport"":{""width"":1536,""height"":736},""started_at"":""2017-06-29T16:09:11.244Z"",""user_agent"":""Mozilla/5.0 (Windows NT 6.1; Win64; x64) AppleWebKit/537.36 (KHTML, like Gecko) Chrome/58.0.3029.110 Safari/537.36"",""utc_offset"":""-3600"",""finished_at"":""2017-06-29T16:10:34.827Z"",""live_project"":true,""user_language"":""en"",""subject_dimensions"":[{""clientWidth"":449,""clientHeight"":449,""naturalWidth"":2000,""naturalHeight"":2000},{""clientWidth"":410,""clientHeight"":172,""naturalWidth"":410,""naturalHeight"":172}]}","[{""task"":""T0"",""task_label"":""What image is being described?"",""value"":[""Unsure""]},{""task"":""T1"",""value"":""No title mentioned in description. Also missing perhaps the order in which these items appear?"",""task_label"":""Was the answer clear? What could be improved?""}]","{""10591482"":{""retired"":null,""id"":""13"",""image1"":""Eye.jpg"",""image2"":""EyeA1.png""}}",10591482
61776259,not-logged-in-88db8df429dc1cc1108a,,88db8df429dc1cc1108a,4459,Descriptions (Part II),13.17,2017-06-29 16:10:58 UTC,,,"{""session"":""8ab98d308f803be010a94e252399aa01a271c0e7522305924fb4437b9e781af2"",""viewport"":{""width"":1536,""height"":736},""started_at"":""2017-06-29T16:10:35.627Z"",""user_agent"":""Mozilla/5.0 (Windows NT 6.1; Win64; x64) AppleWebKit/537.36 (KHTML, like Gecko) Chrome/58.0.3029.110 Safari/537.36"",""utc_offset"":""-3600"",""finished_at"":""2017-06-29T16:10:57.408Z"",""live_project"":true,""user_language"":""en"",""subject_dimensions"":[{""clientWidth"":449,""clientHeight"":449,""naturalWidth"":2000,""naturalHeight"":2000},{""clientWidth"":433,""clientHeight"":50,""naturalWidth"":433,""naturalHeight"":50}]}","[{""task"":""T0"",""task_label"":""What image is being described?"",""value"":[""Unsure""]},{""task"":""T1"",""value"":""No information about what is in the image at all."",""task_label"":""Was the answer clear? What could be improved?""}]","{""10591484"":{""retired"":null,""id"":""15"",""image1"":""Eye.jpg"",""image2"":""EyeA3.png""}}",10591484
61776377,not-logged-in-88db8df429dc1cc1108a,,88db8df429dc1cc1108a,4459,Descriptions (Part II),13.17,2017-06-29 16:12:46 UTC,,,"{""session"":""8ab98d308f803be010a94e252399aa01a271c0e7522305924fb4437b9e781af2"",""viewport"":{""width"":1536,""height"":736},""started_at"":""2017-06-29T16:10:58.665Z"",""user_agent"":""Mozilla/5.0 (Windows NT 6.1; Win64; x64) AppleWebKit/537.36 (KHTML, like Gecko) Chrome/58.0.3029.110 Safari/537.36"",""utc_offset"":""-3600"",""finished_at"":""2017-06-29T16:12:45.275Z"",""live_project"":true,""user_language"":""en"",""subject_dimensions"":[{""clientWidth"":449,""clientHeight"":449,""naturalWidth"":2000,""naturalHeight"":2000},{""clientWidth"":432,""clientHeight"":112,""naturalWidth"":432,""naturalHeight"":112}]}","[{""task"":""T0"",""task_label"":""What image is being described?"",""value"":[""d""]},{""task"":""T1"",""value"":""there isn't any information given about average temperatures given for the rest of the months"",""task_label"":""Was the answer clear? What could be improved?""}]","{""10591472"":{""retired"":null,""id"":""3"",""image1"":""Temperature.jpg"",""image2"":""TempA3.png""}}",10591472
61776429,not-logged-in-88db8df429dc1cc1108a,,88db8df429dc1cc1108a,4459,Descriptions (Part II),13.17,2017-06-29 16:13:21 UTC,,,"{""session"":""8ab98d308f803be010a94e252399aa01a271c0e7522305924fb4437b9e781af2"",""viewport"":{""width"":1536,""height"":736},""started_at"":""2017-06-29T16:12:46.623Z"",""user_agent"":""Mozilla/5.0 (Windows NT 6.1; Win64; x64) AppleWebKit/537.36 (KHTML, like Gecko) Chrome/58.0.3029.110 Safari/537.36"",""utc_offset"":""-3600"",""finished_at"":""2017-06-29T16:13:21.359Z"",""live_project"":true,""user_language"":""en"",""subject_dimensions"":[{""clientWidth"":449,""clientHeight"":449,""naturalWidth"":2000,""naturalHeight"":2000},{""clientWidth"":426,""clientHeight"":348,""naturalWidth"":426,""naturalHeight"":348}]}","[{""task"":""T0"",""task_label"":""What image is being described?"",""value"":[""d""]},{""task"":""T1"",""value"":""good description"",""task_label"":""Was the answer clear? What could be improved?""}]","{""10591470"":{""retired"":null,""id"":""1"",""image1"":""Temperature.jpg"",""image2"":""TempA1.png""}}",10591470
61776461,not-logged-in-88db8df429dc1cc1108a,,88db8df429dc1cc1108a,4459,Descriptions (Part II),13.17,2017-06-29 16:13:41 UTC,,,"{""session"":""8ab98d308f803be010a94e252399aa01a271c0e7522305924fb4437b9e781af2"",""viewport"":{""width"":1536,""height"":736},""started_at"":""2017-06-29T16:13:23.378Z"",""user_agent"":""Mozilla/5.0 (Windows NT 6.1; Win64; x64) AppleWebKit/537.36 (KHTML, like Gecko) Chrome/58.0.3029.110 Safari/537.36"",""utc_offset"":""-3600"",""finished_at"":""2017-06-29T16:13:40.451Z"",""live_project"":true,""user_language"":""en"",""subject_dimensions"":[{""clientWidth"":449,""clientHeight"":449,""naturalWidth"":2000,""naturalHeight"":2000},{""clientWidth"":432,""clientHeight"":112,""naturalWidth"":432,""naturalHeight"":112}]}","[{""task"":""T0"",""task_label"":""What image is being described?"",""value"":[""d""]},{""task"":""T1"",""value"":"""",""task_label"":""Was the answer clear? What could be improved?""}]","{""10591472"":{""retired"":null,""id"":""3"",""image1"":""Temperature.jpg"",""image2"":""TempA3.png""}}",10591472
61776514,not-logged-in-88db8df429dc1cc1108a,,88db8df429dc1cc1108a,4459,Descriptions (Part II),13.17,2017-06-29 16:14:13 UTC,,,"{""session"":""8ab98d308f803be010a94e252399aa01a271c0e7522305924fb4437b9e781af2"",""viewport"":{""width"":1536,""height"":736},""started_at"":""2017-06-29T16:13:41.225Z"",""user_agent"":""Mozilla/5.0 (Windows NT 6.1; Win64; x64) AppleWebKit/537.36 (KHTML, like Gecko) Chrome/58.0.3029.110 Safari/537.36"",""utc_offset"":""-3600"",""finished_at"":""2017-06-29T16:14:12.753Z"",""live_project"":true,""user_language"":""en"",""subject_dimensions"":[{""clientWidth"":449,""clientHeight"":449,""naturalWidth"":2000,""naturalHeight"":2000},{""clientWidth"":415,""clientHeight"":110,""naturalWidth"":415,""naturalHeight"":110}]}","[{""task"":""T0"",""task_label"":""What image is being described?"",""value"":[""d""]},{""task"":""T1"",""value"":""yes"",""task_label"":""Was the answer clear? What could be improved?""}]","{""10591476"":{""retired"":null,""id"":""7"",""image1"":""Graphene.jpg"",""image2"":""GrapheneA2.png""}}",10591476
61776530,not-logged-in-88db8df429dc1cc1108a,,88db8df429dc1cc1108a,4459,Descriptions (Part II),13.17,2017-06-29 16:14:27 UTC,,,"{""session"":""8ab98d308f803be010a94e252399aa01a271c0e7522305924fb4437b9e781af2"",""viewport"":{""width"":1536,""height"":736},""started_at"":""2017-06-29T16:14:14.151Z"",""user_agent"":""Mozilla/5.0 (Windows NT 6.1; Win64; x64) AppleWebKit/537.36 (KHTML, like Gecko) Chrome/58.0.3029.110 Safari/537.36"",""utc_offset"":""-3600"",""finished_at"":""2017-06-29T16:14:26.562Z"",""live_project"":true,""user_language"":""en"",""subject_dimensions"":[{""clientWidth"":449,""clientHeight"":449,""naturalWidth"":2000,""naturalHeight"":2000},{""clientWidth"":403,""clientHeight"":164,""naturalWidth"":403,""naturalHeight"":164}]}","[{""task"":""T0"",""task_label"":""What image is being described?"",""value"":[""c""]},{""task"":""T1"",""value"":"""",""task_label"":""Was the answer clear? What could be improved?""}]","{""10591478"":{""retired"":null,""id"":""9"",""image1"":""Graphene.jpg"",""image2"":""GrapheneA4.png""}}",10591478
61802457,not-logged-in-6039b8265e99065fa310,,6039b8265e99065fa310,4459,Descriptions (Part II),13.17,2017-06-29 21:54:59 UTC,,,"{""session"":""f626344ea0a3adf84d41848ac8cacbdc16cc14a81262590c40a3adfbbaca7959"",""viewport"":{""width"":1536,""height"":750},""started_at"":""2017-06-29T21:53:19.271Z"",""user_agent"":""Mozilla/5.0 (X11; CrOS armv7l 9460.60.0) AppleWebKit/537.36 (KHTML, like Gecko) Chrome/59.0.3071.91 Safari/537.36"",""utc_offset"":""-3600"",""finished_at"":""2017-06-29T21:54:57.231Z"",""live_project"":true,""user_language"":""en"",""subject_dimensions"":[{""clientWidth"":450,""clientHeight"":450,""naturalWidth"":2000,""naturalHeight"":2000},{""clientWidth"":430,""clientHeight"":58,""naturalWidth"":430,""naturalHeight"":58}]}","[{""task"":""T0"",""task_label"":""What image is being described?"",""value"":[""d""]},{""task"":""T1"",""value"":""clear"",""task_label"":""Was the answer clear? What could be improved?""}]","{""10591498"":{""retired"":null,""id"":""29"",""image1"":""Emissions.jpg"",""image2"":""EmissionsA2.png""}}",10591498
61802577,not-logged-in-6039b8265e99065fa310,,6039b8265e99065fa310,4459,Descriptions (Part II),13.17,2017-06-29 21:56:36 UTC,,,"{""session"":""f626344ea0a3adf84d41848ac8cacbdc16cc14a81262590c40a3adfbbaca7959"",""viewport"":{""width"":1536,""height"":750},""started_at"":""2017-06-29T21:55:00.440Z"",""user_agent"":""Mozilla/5.0 (X11; CrOS armv7l 9460.60.0) AppleWebKit/537.36 (KHTML, like Gecko) Chrome/59.0.3071.91 Safari/537.36"",""utc_offset"":""-3600"",""finished_at"":""2017-06-29T21:56:34.994Z"",""live_project"":true,""user_language"":""en"",""subject_dimensions"":[{""clientWidth"":450,""clientHeight"":450,""naturalWidth"":2000,""naturalHeight"":2000},{""clientWidth"":427,""clientHeight"":110,""naturalWidth"":427,""naturalHeight"":110}]}","[{""task"":""T0"",""task_label"":""What image is being described?"",""value"":[""a""]},{""task"":""T1"",""value"":""Would possibly benefit from subject knowledge - I believe this is a Feynman diagram"",""task_label"":""Was the answer clear? What could be improved?""}]","{""10591485"":{""retired"":null,""id"":""16"",""image1"":""Feynmann.jpg"",""image2"":""PdecayA1.png""}}",10591485
61802660,not-logged-in-6039b8265e99065fa310,,6039b8265e99065fa310,4459,Descriptions (Part II),13.17,2017-06-29 21:57:38 UTC,,,"{""session"":""f626344ea0a3adf84d41848ac8cacbdc16cc14a81262590c40a3adfbbaca7959"",""viewport"":{""width"":1536,""height"":750},""started_at"":""2017-06-29T21:56:37.207Z"",""user_agent"":""Mozilla/5.0 (X11; CrOS armv7l 9460.60.0) AppleWebKit/537.36 (KHTML, like Gecko) Chrome/59.0.3071.91 Safari/537.36"",""utc_offset"":""-3600"",""finished_at"":""2017-06-29T21:57:36.957Z"",""live_project"":true,""user_language"":""en"",""subject_dimensions"":[{""clientWidth"":450,""clientHeight"":450,""naturalWidth"":2000,""naturalHeight"":2000},{""clientWidth"":424,""clientHeight"":185,""naturalWidth"":424,""naturalHeight"":185}]}","[{""task"":""T0"",""task_label"":""What image is being described?"",""value"":[""Unsure""]},{""task"":""T1"",""value"":""unclear.  X and y axis appear to have been confused."",""task_label"":""Was the answer clear? What could be improved?""}]","{""10591501"":{""retired"":null,""id"":""32"",""image1"":""Velocity.jpg"",""image2"":""VTA2.png""}}",10591501
61802767,not-logged-in-6039b8265e99065fa310,,6039b8265e99065fa310,4459,Descriptions (Part II),13.17,2017-06-29 21:58:54 UTC,,,"{""session"":""f626344ea0a3adf84d41848ac8cacbdc16cc14a81262590c40a3adfbbaca7959"",""viewport"":{""width"":1536,""height"":750},""started_at"":""2017-06-29T21:57:38.377Z"",""user_agent"":""Mozilla/5.0 (X11; CrOS armv7l 9460.60.0) AppleWebKit/537.36 (KHTML, like Gecko) Chrome/59.0.3071.91 Safari/537.36"",""utc_offset"":""-3600"",""finished_at"":""2017-06-29T21:58:52.649Z"",""live_project"":true,""user_language"":""en"",""subject_dimensions"":[{""clientWidth"":450,""clientHeight"":450,""naturalWidth"":2000,""naturalHeight"":2000},{""clientWidth"":392,""clientHeight"":31,""naturalWidth"":392,""naturalHeight"":31}]}","[{""task"":""T0"",""task_label"":""What image is being described?"",""value"":[""c""]},{""task"":""T1"",""value"":""Needs prior knowledge on part of recipient of description e.g. shat does a chemical structure typically look like, what is a honeycomb, what is an OOH group"",""task_label"":""Was the answer clear? What could be improved?""}]","{""10591475"":{""retired"":null,""id"":""6"",""image1"":""Graphene.jpg"",""image2"":""GrapheneA1.png""}}",10591475
61802804,not-logged-in-6039b8265e99065fa310,,6039b8265e99065fa310,4459,Descriptions (Part II),13.17,2017-06-29 21:59:17 UTC,,,"{""session"":""f626344ea0a3adf84d41848ac8cacbdc16cc14a81262590c40a3adfbbaca7959"",""viewport"":{""width"":1536,""height"":750},""started_at"":""2017-06-29T21:58:53.921Z"",""user_agent"":""Mozilla/5.0 (X11; CrOS armv7l 9460.60.0) AppleWebKit/537.36 (KHTML, like Gecko) Chrome/59.0.3071.91 Safari/537.36"",""utc_offset"":""-3600"",""finished_at"":""2017-06-29T21:59:15.307Z"",""live_project"":true,""user_language"":""en"",""subject_dimensions"":[{""clientWidth"":450,""clientHeight"":450,""naturalWidth"":2000,""naturalHeight"":2000},{""clientWidth"":419,""clientHeight"":96,""naturalWidth"":419,""naturalHeight"":96}]}","[{""task"":""T0"",""task_label"":""What image is being described?"",""value"":[""c""]},{""task"":""T1"",""value"":"""",""task_label"":""Was the answer clear? What could be improved?""}]","{""10591477"":{""retired"":null,""id"":""8"",""image1"":""Graphene.jpg"",""image2"":""GrapheneA3.png""}}",10591477
61802837,not-logged-in-6039b8265e99065fa310,,6039b8265e99065fa310,4459,Descriptions (Part II),13.17,2017-06-29 21:59:34 UTC,,,"{""session"":""f626344ea0a3adf84d41848ac8cacbdc16cc14a81262590c40a3adfbbaca7959"",""viewport"":{""width"":1536,""height"":750},""started_at"":""2017-06-29T21:59:16.841Z"",""user_agent"":""Mozilla/5.0 (X11; CrOS armv7l 9460.60.0) AppleWebKit/537.36 (KHTML, like Gecko) Chrome/59.0.3071.91 Safari/537.36"",""utc_offset"":""-3600"",""finished_at"":""2017-06-29T21:59:32.793Z"",""live_project"":true,""user_language"":""en"",""subject_dimensions"":[{""clientWidth"":450,""clientHeight"":450,""naturalWidth"":2000,""naturalHeight"":2000},{""clientWidth"":403,""clientHeight"":164,""naturalWidth"":403,""naturalHeight"":164}]}","[{""task"":""T0"",""task_label"":""What image is being described?"",""value"":[""c""]},{""task"":""T1"",""value"":"""",""task_label"":""Was the answer clear? What could be improved?""}]","{""10591478"":{""retired"":null,""id"":""9"",""image1"":""Graphene.jpg"",""image2"":""GrapheneA4.png""}}",10591478
62087860,not-logged-in-c180fa8322adf93baceb,,c180fa8322adf93baceb,4459,Descriptions (Part II),13.17,2017-07-02 22:02:04 UTC,,,"{""session"":""58241ed9fb0fdf5e28d0d7ca6f58880687ce3c154bb13f45ac5463e77c32f251"",""viewport"":{""width"":1342,""height"":665},""started_at"":""2017-07-02T22:00:54.319Z"",""user_agent"":""Mozilla/5.0 (Macintosh; Intel Mac OS X 10_9_5) AppleWebKit/537.36 (KHTML, like Gecko) Chrome/58.0.3029.110 Safari/537.36"",""utc_offset"":""-3600"",""finished_at"":""2017-07-02T22:02:03.025Z"",""live_project"":true,""user_language"":""en"",""subject_dimensions"":[{""clientWidth"":391,""clientHeight"":391,""naturalWidth"":2000,""naturalHeight"":2000},{""clientWidth"":391,""clientHeight"":216,""naturalWidth"":398,""naturalHeight"":220}]}","[{""task"":""T0"",""task_label"":""What image is being described?"",""value"":[""a""]},{""task"":""T1"",""value"":""Nothing, it was great"",""task_label"":""Was the answer clear? What could be improved?""}]","{""10591493"":{""retired"":null,""id"":""24"",""image1"":""Stirling.jpg"",""image2"":""StirlingA1.png""}}",10591493
62087995,not-logged-in-c180fa8322adf93baceb,,c180fa8322adf93baceb,4459,Descriptions (Part II),13.17,2017-07-02 22:03:33 UTC,,,"{""session"":""58241ed9fb0fdf5e28d0d7ca6f58880687ce3c154bb13f45ac5463e77c32f251"",""viewport"":{""width"":1342,""height"":665},""started_at"":""2017-07-02T22:02:05.285Z"",""user_agent"":""Mozilla/5.0 (Macintosh; Intel Mac OS X 10_9_5) AppleWebKit/537.36 (KHTML, like Gecko) Chrome/58.0.3029.110 Safari/537.36"",""utc_offset"":""-3600"",""finished_at"":""2017-07-02T22:03:32.581Z"",""live_project"":true,""user_language"":""en"",""subject_dimensions"":[{""clientWidth"":391,""clientHeight"":391,""naturalWidth"":2000,""naturalHeight"":2000},{""clientWidth"":391,""clientHeight"":42,""naturalWidth"":396,""naturalHeight"":42}]}","[{""task"":""T0"",""task_label"":""What image is being described?"",""value"":[""b""]},{""task"":""T1"",""value"":""Mention charges and the line about \""ve\""; without it, we actually don't know if it's image b or d"",""task_label"":""Was the answer clear? What could be improved?""}]","{""10591486"":{""retired"":null,""id"":""17"",""image1"":""Feynmann.jpg"",""image2"":""PdecayA2.png""}}",10591486
62088109,not-logged-in-c180fa8322adf93baceb,,c180fa8322adf93baceb,4459,Descriptions (Part II),13.17,2017-07-02 22:04:56 UTC,,,"{""session"":""58241ed9fb0fdf5e28d0d7ca6f58880687ce3c154bb13f45ac5463e77c32f251"",""viewport"":{""width"":945,""height"":468},""started_at"":""2017-07-02T22:03:41.315Z"",""user_agent"":""Mozilla/5.0 (Macintosh; Intel Mac OS X 10_9_5) AppleWebKit/537.36 (KHTML, like Gecko) Chrome/58.0.3029.110 Safari/537.36"",""utc_offset"":""-3600"",""finished_at"":""2017-07-02T22:04:55.467Z"",""live_project"":true,""user_language"":""en"",""subject_dimensions"":[{""clientWidth"":391,""clientHeight"":391,""naturalWidth"":2000,""naturalHeight"":2000},{""clientWidth"":391,""clientHeight"":101,""naturalWidth"":432,""naturalHeight"":112}]}","[{""task"":""T0"",""task_label"":""What image is being described?"",""value"":[""Unsure""]},{""task"":""T1"",""value"":""They're all the same???"",""task_label"":""Was the answer clear? What could be improved?""}]","{""10591472"":{""retired"":null,""id"":""3"",""image1"":""Temperature.jpg"",""image2"":""TempA3.png""}}",10591472
62088276,not-logged-in-c180fa8322adf93baceb,,c180fa8322adf93baceb,4459,Descriptions (Part II),13.17,2017-07-02 22:06:57 UTC,,,"{""session"":""58241ed9fb0fdf5e28d0d7ca6f58880687ce3c154bb13f45ac5463e77c32f251"",""viewport"":{""width"":945,""height"":468},""started_at"":""2017-07-02T22:04:56.858Z"",""user_agent"":""Mozilla/5.0 (Macintosh; Intel Mac OS X 10_9_5) AppleWebKit/537.36 (KHTML, like Gecko) Chrome/58.0.3029.110 Safari/537.36"",""utc_offset"":""-3600"",""finished_at"":""2017-07-02T22:06:55.925Z"",""live_project"":true,""user_language"":""en"",""subject_dimensions"":[{""clientWidth"":391,""clientHeight"":391,""naturalWidth"":2000,""naturalHeight"":2000},{""clientWidth"":391,""clientHeight"":231,""naturalWidth"":437,""naturalHeight"":258}]}","[{""task"":""T0"",""task_label"":""What image is being described?"",""value"":[""b""]},{""task"":""T1"",""value"":""Good but too much information; don't need to explain the colours of the boxes etc (and pointing out the typo in the original image is only confusing because the BIV user wouldn't notice the typo anyway)"",""task_label"":""Was the answer clear? What could be improved?""}]","{""10591481"":{""retired"":null,""id"":""12"",""image1"":""Reservoir.jpg"",""image2"":""HeatA2.png""}}",10591481
62126695,not-logged-in-3913da62fba2aefb3e8b,,3913da62fba2aefb3e8b,4459,Descriptions (Part II),13.17,2017-07-03 08:46:01 UTC,,,"{""session"":""5feb386f87f32c86bb0cd59624aed84eeb63abc7ecdcda039365cab7d7519a3a"",""viewport"":{""width"":692,""height"":492},""started_at"":""2017-07-03T08:36:50.390Z"",""user_agent"":""Mozilla/5.0 (iPad; CPU OS 10_1_1 like Mac OS X) AppleWebKit/602.2.14 (KHTML, like Gecko) Version/10.0 Mobile/14B100 Safari/602.1"",""utc_offset"":""-36000"",""finished_at"":""2017-07-03T08:45:57.486Z"",""live_project"":true,""user_language"":""en"",""subject_dimensions"":[{""clientWidth"":216,""clientHeight"":216,""naturalWidth"":2000,""naturalHeight"":2000},{""clientWidth"":212,""clientHeight"":93,""naturalWidth"":424,""naturalHeight"":185}]}","[{""task"":""T0"",""task_label"":""What image is being described?"",""value"":[""Unsure""]},{""task"":""T1"",""value"":""They have the y and x axis showed wrong on the graphs"",""task_label"":""Was the answer clear? What could be improved?""}]","{""10591501"":{""retired"":null,""id"":""32"",""image1"":""Velocity.jpg"",""image2"":""VTA2.png""}}",10591501
62146579,not-logged-in-4f1987ad4ce516d7a500,,4f1987ad4ce516d7a500,4459,Descriptions (Part II),13.17,2017-07-03 13:49:34 UTC,,,"{""session"":""888aa614c54fde0a9b915f29feed5ea0cd02d5ad3c12677893bcc74c96289b14"",""viewport"":{""width"":1730,""height"":657},""started_at"":""2017-07-03T13:46:45.790Z"",""user_agent"":""Mozilla/5.0 (Macintosh; Intel Mac OS X 10_10_5) AppleWebKit/537.36 (KHTML, like Gecko) Chrome/59.0.3071.115 Safari/537.36"",""utc_offset"":""-3600"",""finished_at"":""2017-07-03T13:49:33.994Z"",""live_project"":true,""user_language"":""en"",""subject_dimensions"":[{""clientWidth"":510,""clientHeight"":510,""naturalWidth"":2000,""naturalHeight"":2000},{""clientWidth"":429,""clientHeight"":81,""naturalWidth"":429,""naturalHeight"":81}]}","[{""task"":""T0"",""task_label"":""What image is being described?"",""value"":[""b""]},{""task"":""T1"",""value"":"""",""task_label"":""Was the answer clear? What could be improved?""}]","{""10591491"":{""retired"":null,""id"":""22"",""image1"":""Integrals.jpg"",""image2"":""IntegralA3.png""}}",10591491
62146773,not-logged-in-4f1987ad4ce516d7a500,,4f1987ad4ce516d7a500,4459,Descriptions (Part II),13.17,2017-07-03 13:51:36 UTC,,,"{""session"":""888aa614c54fde0a9b915f29feed5ea0cd02d5ad3c12677893bcc74c96289b14"",""viewport"":{""width"":1730,""height"":657},""started_at"":""2017-07-03T13:49:37.706Z"",""user_agent"":""Mozilla/5.0 (Macintosh; Intel Mac OS X 10_10_5) AppleWebKit/537.36 (KHTML, like Gecko) Chrome/59.0.3071.115 Safari/537.36"",""utc_offset"":""-3600"",""finished_at"":""2017-07-03T13:51:36.724Z"",""live_project"":true,""user_language"":""en"",""subject_dimensions"":[{""clientWidth"":510,""clientHeight"":510,""naturalWidth"":2000,""naturalHeight"":2000},{""clientWidth"":428,""clientHeight"":133,""naturalWidth"":428,""naturalHeight"":133}]}","[{""task"":""T0"",""task_label"":""What image is being described?"",""value"":[""b""]},{""task"":""T1"",""value"":""there is a typo (49,60) should be (40,60)"",""task_label"":""Was the answer clear? What could be improved?""}]","{""10591500"":{""retired"":null,""id"":""31"",""image1"":""Velocity.jpg"",""image2"":""VTA1.png""}}",10591500
62147174,not-logged-in-3175b0ffb7c5250757a8,,3175b0ffb7c5250757a8,4459,Descriptions (Part II),13.17,2017-07-03 13:55:38 UTC,,,"{""session"":""fa6dbd408b4ad654407a30dd53c83b888ce8ae72be3906333371fb37586e5a77"",""viewport"":{""width"":1920,""height"":974},""started_at"":""2017-07-03T13:54:10.847Z"",""user_agent"":""Mozilla/5.0 (Windows NT 6.1; Win64; x64) AppleWebKit/537.36 (KHTML, like Gecko) Chrome/59.0.3071.115 Safari/537.36"",""utc_offset"":""-3600"",""finished_at"":""2017-07-03T13:55:39.232Z"",""live_project"":true,""user_language"":""en"",""subject_dimensions"":[{""clientWidth"":438,""clientHeight"":438,""naturalWidth"":2000,""naturalHeight"":2000},{""clientWidth"":423,""clientHeight"":100,""naturalWidth"":423,""naturalHeight"":100}]}","[{""task"":""T0"",""task_label"":""What image is being described?"",""value"":[""a""]},{""task"":""T1"",""value"":""Clear. No improvement necessary"",""task_label"":""Was the answer clear? What could be improved?""}]","{""10591496"":{""retired"":null,""id"":""27"",""image1"":""Stirling.jpg"",""image2"":""StirlingA4.png""}}",10591496
62147274,not-logged-in-3175b0ffb7c5250757a8,,3175b0ffb7c5250757a8,4459,Descriptions (Part II),13.17,2017-07-03 13:56:43 UTC,,,"{""session"":""fa6dbd408b4ad654407a30dd53c83b888ce8ae72be3906333371fb37586e5a77"",""viewport"":{""width"":1920,""height"":974},""started_at"":""2017-07-03T13:55:41.167Z"",""user_agent"":""Mozilla/5.0 (Windows NT 6.1; Win64; x64) AppleWebKit/537.36 (KHTML, like Gecko) Chrome/59.0.3071.115 Safari/537.36"",""utc_offset"":""-3600"",""finished_at"":""2017-07-03T13:56:43.851Z"",""live_project"":true,""user_language"":""en"",""subject_dimensions"":[{""clientWidth"":629,""clientHeight"":629,""naturalWidth"":2000,""naturalHeight"":2000},{""clientWidth"":424,""clientHeight"":316,""naturalWidth"":424,""naturalHeight"":316}]}","[{""task"":""T0"",""task_label"":""What image is being described?"",""value"":[""d""]},{""task"":""T1"",""value"":""Clear. No improvement necessary"",""task_label"":""Was the answer clear? What could be improved?""}]","{""10591474"":{""retired"":null,""id"":""5"",""image1"":""Temperature.jpg"",""image2"":""TempA5.png""}}",10591474
62147441,ajulik1997,1254993,3175b0ffb7c5250757a8,4459,Descriptions (Part II),13.17,2017-07-03 13:58:26 UTC,,,"{""session"":""fa6dbd408b4ad654407a30dd53c83b888ce8ae72be3906333371fb37586e5a77"",""viewport"":{""width"":1920,""height"":974},""started_at"":""2017-07-03T13:56:44.750Z"",""user_agent"":""Mozilla/5.0 (Windows NT 6.1; Win64; x64) AppleWebKit/537.36 (KHTML, like Gecko) Chrome/59.0.3071.115 Safari/537.36"",""utc_offset"":""-3600"",""finished_at"":""2017-07-03T13:58:26.661Z"",""live_project"":true,""user_language"":""en"",""user_group_ids"":[],""subject_dimensions"":[{""clientWidth"":629,""clientHeight"":629,""naturalWidth"":2000,""naturalHeight"":2000},{""clientWidth"":408,""clientHeight"":165,""naturalWidth"":408,""naturalHeight"":165}]}","[{""task"":""T0"",""task_label"":""What image is being described?"",""value"":[""c""]},{""task"":""T1"",""value"":""Clear. No improvement needed"",""task_label"":""Was the answer clear? What could be improved?""}]","{""10591479"":{""retired"":null,""id"":""10"",""image1"":""Graphene.jpg"",""image2"":""GrapheneA5.png""}}",10591479
62147551,ajulik1997,1254993,3175b0ffb7c5250757a8,4459,Descriptions (Part II),13.17,2017-07-03 13:59:17 UTC,,,"{""session"":""fa6dbd408b4ad654407a30dd53c83b888ce8ae72be3906333371fb37586e5a77"",""viewport"":{""width"":1920,""height"":974},""started_at"":""2017-07-03T13:58:28.284Z"",""user_agent"":""Mozilla/5.0 (Windows NT 6.1; Win64; x64) AppleWebKit/537.36 (KHTML, like Gecko) Chrome/59.0.3071.115 Safari/537.36"",""utc_offset"":""-3600"",""finished_at"":""2017-07-03T13:59:17.688Z"",""live_project"":true,""user_language"":""en"",""user_group_ids"":[],""subject_dimensions"":[{""clientWidth"":629,""clientHeight"":629,""naturalWidth"":2000,""naturalHeight"":2000},{""clientWidth"":419,""clientHeight"":96,""naturalWidth"":419,""naturalHeight"":96}]}","[{""task"":""T0"",""task_label"":""What image is being described?"",""value"":[""c""]},{""task"":""T1"",""value"":""Good answer, but more scientific context may be needed"",""task_label"":""Was the answer clear? What could be improved?""}]","{""10591477"":{""retired"":null,""id"":""8"",""image1"":""Graphene.jpg"",""image2"":""GrapheneA3.png""}}",10591477
62147702,ajulik1997,1254993,3175b0ffb7c5250757a8,4459,Descriptions (Part II),13.17,2017-07-03 14:00:24 UTC,,,"{""session"":""fa6dbd408b4ad654407a30dd53c83b888ce8ae72be3906333371fb37586e5a77"",""viewport"":{""width"":1920,""height"":974},""started_at"":""2017-07-03T13:59:18.792Z"",""user_agent"":""Mozilla/5.0 (Windows NT 6.1; Win64; x64) AppleWebKit/537.36 (KHTML, like Gecko) Chrome/59.0.3071.115 Safari/537.36"",""utc_offset"":""-3600"",""finished_at"":""2017-07-03T14:00:24.050Z"",""live_project"":true,""user_language"":""en"",""user_group_ids"":[],""subject_dimensions"":[{""clientWidth"":629,""clientHeight"":629,""naturalWidth"":2000,""naturalHeight"":2000},{""clientWidth"":429,""clientHeight"":81,""naturalWidth"":429,""naturalHeight"":81}]}","[{""task"":""T0"",""task_label"":""What image is being described?"",""value"":[""Unsure""]},{""task"":""T1"",""value"":""Not enough detail about contents of histogram"",""task_label"":""Was the answer clear? What could be improved?""}]","{""10591491"":{""retired"":null,""id"":""22"",""image1"":""Integrals.jpg"",""image2"":""IntegralA3.png""}}",10591491
62147963,ajulik1997,1254993,3175b0ffb7c5250757a8,4459,Descriptions (Part II),13.17,2017-07-03 14:03:24 UTC,,,"{""session"":""50990fcdf198cf7221a794babbc3a2b4626e1d6a57203a0f0807097d6eec335d"",""viewport"":{""width"":1920,""height"":974},""started_at"":""2017-07-03T14:02:30.155Z"",""user_agent"":""Mozilla/5.0 (Windows NT 6.1; Win64; x64) AppleWebKit/537.36 (KHTML, like Gecko) Chrome/59.0.3071.115 Safari/537.36"",""utc_offset"":""-3600"",""finished_at"":""2017-07-03T14:03:25.130Z"",""live_project"":true,""user_language"":""en"",""user_group_ids"":[],""subject_dimensions"":[{""clientWidth"":629,""clientHeight"":629,""naturalWidth"":2000,""naturalHeight"":2000},{""clientWidth"":432,""clientHeight"":59,""naturalWidth"":432,""naturalHeight"":59}]}","[{""task"":""T0"",""task_label"":""What image is being described?"",""value"":[""b""]},{""task"":""T1"",""value"":""Clear but no mention of car 2"",""task_label"":""Was the answer clear? What could be improved?""}]","{""10591502"":{""retired"":null,""id"":""33"",""image1"":""Velocity.jpg"",""image2"":""VTA3.png""}}",10591502
62148021,ajulik1997,1254993,3175b0ffb7c5250757a8,4459,Descriptions (Part II),13.17,2017-07-03 14:04:13 UTC,,,"{""session"":""50990fcdf198cf7221a794babbc3a2b4626e1d6a57203a0f0807097d6eec335d"",""viewport"":{""width"":1920,""height"":974},""started_at"":""2017-07-03T14:03:26.298Z"",""user_agent"":""Mozilla/5.0 (Windows NT 6.1; Win64; x64) AppleWebKit/537.36 (KHTML, like Gecko) Chrome/59.0.3071.115 Safari/537.36"",""utc_offset"":""-3600"",""finished_at"":""2017-07-03T14:04:13.588Z"",""live_project"":true,""user_language"":""en"",""user_group_ids"":[],""subject_dimensions"":[{""clientWidth"":629,""clientHeight"":629,""naturalWidth"":2000,""naturalHeight"":2000},{""clientWidth"":438,""clientHeight"":102,""naturalWidth"":438,""naturalHeight"":102}]}","[{""task"":""T0"",""task_label"":""What image is being described?"",""value"":[""a""]},{""task"":""T1"",""value"":""Clear answer"",""task_label"":""Was the answer clear? What could be improved?""}]","{""10591492"":{""retired"":null,""id"":""23"",""image1"":""NASA.jpg"",""image2"":""NASAA1.png""}}",10591492
62148156,ajulik1997,1254993,3175b0ffb7c5250757a8,4459,Descriptions (Part II),13.17,2017-07-03 14:06:02 UTC,,,"{""session"":""50990fcdf198cf7221a794babbc3a2b4626e1d6a57203a0f0807097d6eec335d"",""viewport"":{""width"":1920,""height"":974},""started_at"":""2017-07-03T14:04:15.050Z"",""user_agent"":""Mozilla/5.0 (Windows NT 6.1; Win64; x64) AppleWebKit/537.36 (KHTML, like Gecko) Chrome/59.0.3071.115 Safari/537.36"",""utc_offset"":""-3600"",""finished_at"":""2017-07-03T14:06:02.906Z"",""live_project"":true,""user_language"":""en"",""user_group_ids"":[],""subject_dimensions"":[{""clientWidth"":629,""clientHeight"":629,""naturalWidth"":2000,""naturalHeight"":2000},{""clientWidth"":429,""clientHeight"":57,""naturalWidth"":429,""naturalHeight"":57}]}","[{""task"":""T0"",""task_label"":""What image is being described?"",""value"":[""d""]},{""task"":""T1"",""value"":""Clear but needs much more description (axis, title, values)"",""task_label"":""Was the answer clear? What could be improved?""}]","{""10591473"":{""retired"":null,""id"":""4"",""image1"":""Temperature.jpg"",""image2"":""TempA4.png""}}",10591473
62707683,not-logged-in-eaf33f8e64dd60e7f305,,eaf33f8e64dd60e7f305,4459,Descriptions (Part II),13.17,2017-07-07 10:34:45 UTC,,,"{""session"":""145a0b9dc343f8babf2414c946dbe8c5eef760728c3dce3d92ee9e9d975d59f5"",""viewport"":{""width"":1920,""height"":925},""started_at"":""2017-07-07T10:28:38.220Z"",""user_agent"":""Mozilla/5.0 (Windows NT 6.1; Win64; x64) AppleWebKit/537.36 (KHTML, like Gecko) Chrome/59.0.3071.115 Safari/537.36"",""utc_offset"":""-3600"",""finished_at"":""2017-07-07T10:34:45.568Z"",""live_project"":true,""user_language"":""en"",""subject_dimensions"":[{""clientWidth"":629,""clientHeight"":629,""naturalWidth"":2000,""naturalHeight"":2000},{""clientWidth"":426,""clientHeight"":348,""naturalWidth"":426,""naturalHeight"":348}]}","[{""task"":""T0"",""task_label"":""What image is being described?"",""value"":[""d""]},{""task"":""T1"",""value"":""Clear answer. Using a degree symbol rather than writing \""degrees\"" is preferable. "",""task_label"":""Was the answer clear? What could be improved?""}]","{""10591470"":{""retired"":null,""id"":""1"",""image1"":""Temperature.jpg"",""image2"":""TempA1.png""}}",10591470
62708073,not-logged-in-eaf33f8e64dd60e7f305,,eaf33f8e64dd60e7f305,4459,Descriptions (Part II),13.17,2017-07-07 10:43:11 UTC,,,"{""session"":""145a0b9dc343f8babf2414c946dbe8c5eef760728c3dce3d92ee9e9d975d59f5"",""viewport"":{""width"":1920,""height"":925},""started_at"":""2017-07-07T10:34:52.263Z"",""user_agent"":""Mozilla/5.0 (Windows NT 6.1; Win64; x64) AppleWebKit/537.36 (KHTML, like Gecko) Chrome/59.0.3071.115 Safari/537.36"",""utc_offset"":""-3600"",""finished_at"":""2017-07-07T10:43:11.101Z"",""live_project"":true,""user_language"":""en"",""subject_dimensions"":[{""clientWidth"":624,""clientHeight"":624,""naturalWidth"":2000,""naturalHeight"":2000},{""clientWidth"":415,""clientHeight"":110,""naturalWidth"":415,""naturalHeight"":110}]}","[{""task"":""T0"",""task_label"":""What image is being described?"",""value"":[""c""]},{""task"":""T1"",""value"":""Poor description. It is incomplete, has spelling as well as descriptive mistakes.\neg. description of OH along the bottom is missing; \""both coming of Hydrogen\"" is erroneous"",""task_label"":""Was the answer clear? What could be improved?""}]","{""10591476"":{""retired"":null,""id"":""7"",""image1"":""Graphene.jpg"",""image2"":""GrapheneA2.png""}}",10591476
62708532,not-logged-in-eaf33f8e64dd60e7f305,,eaf33f8e64dd60e7f305,4459,Descriptions (Part II),13.17,2017-07-07 10:50:10 UTC,,,"{""session"":""145a0b9dc343f8babf2414c946dbe8c5eef760728c3dce3d92ee9e9d975d59f5"",""viewport"":{""width"":1920,""height"":925},""started_at"":""2017-07-07T10:43:16.928Z"",""user_agent"":""Mozilla/5.0 (Windows NT 6.1; Win64; x64) AppleWebKit/537.36 (KHTML, like Gecko) Chrome/59.0.3071.115 Safari/537.36"",""utc_offset"":""-3600"",""finished_at"":""2017-07-07T10:50:10.612Z"",""live_project"":true,""user_language"":""en"",""subject_dimensions"":[{""clientWidth"":629,""clientHeight"":629,""naturalWidth"":2000,""naturalHeight"":2000},{""clientWidth"":430,""clientHeight"":142,""naturalWidth"":430,""naturalHeight"":142}]}","[{""task"":""T0"",""task_label"":""What image is being described?"",""value"":[""Unsure""]},{""task"":""T1"",""value"":""Very poor description of the Feynman diagram. There are many mistakes and unclear parts. Eg:\n- the image is described as a graph\n- direction of one of \""n\"" and \""P+\"" incorrect\n- use of phrases like \""straight curve\"" "",""task_label"":""Was the answer clear? What could be improved?""}]","{""10591488"":{""retired"":null,""id"":""19"",""image1"":""Feynmann.jpg"",""image2"":""PdecayA4.png""}}",10591488
62709494,not-logged-in-eaf33f8e64dd60e7f305,,eaf33f8e64dd60e7f305,4459,Descriptions (Part II),13.17,2017-07-07 11:03:23 UTC,,,"{""session"":""145a0b9dc343f8babf2414c946dbe8c5eef760728c3dce3d92ee9e9d975d59f5"",""viewport"":{""width"":1920,""height"":925},""started_at"":""2017-07-07T10:50:14.131Z"",""user_agent"":""Mozilla/5.0 (Windows NT 6.1; Win64; x64) AppleWebKit/537.36 (KHTML, like Gecko) Chrome/59.0.3071.115 Safari/537.36"",""utc_offset"":""-3600"",""finished_at"":""2017-07-07T11:03:23.437Z"",""live_project"":true,""user_language"":""en"",""subject_dimensions"":[{""clientWidth"":620,""clientHeight"":620,""naturalWidth"":2000,""naturalHeight"":2000},{""clientWidth"":408,""clientHeight"":165,""naturalWidth"":408,""naturalHeight"":165}]}","[{""task"":""T0"",""task_label"":""What image is being described?"",""value"":[""c""]},{""task"":""T1"",""value"":""Poor description.\n- Gives the impression that C atoms are shown by using terms like \""Carbon arrangement\"" and \""COOH\"" without further clarification\n- Description of the position of some OH groups incorrect\n- The remark is identified as a caption\n- Graphene structure not fully described (although, it would be challenging to describe the full structure)\n"",""task_label"":""Was the answer clear? What could be improved?""}]","{""10591479"":{""retired"":null,""id"":""10"",""image1"":""Graphene.jpg"",""image2"":""GrapheneA5.png""}}",10591479
62710304,not-logged-in-eaf33f8e64dd60e7f305,,eaf33f8e64dd60e7f305,4459,Descriptions (Part II),13.17,2017-07-07 11:12:20 UTC,,,"{""session"":""145a0b9dc343f8babf2414c946dbe8c5eef760728c3dce3d92ee9e9d975d59f5"",""viewport"":{""width"":1920,""height"":925},""started_at"":""2017-07-07T11:03:33.602Z"",""user_agent"":""Mozilla/5.0 (Windows NT 6.1; Win64; x64) AppleWebKit/537.36 (KHTML, like Gecko) Chrome/59.0.3071.115 Safari/537.36"",""utc_offset"":""-3600"",""finished_at"":""2017-07-07T11:12:19.928Z"",""live_project"":true,""user_language"":""en"",""subject_dimensions"":[{""clientWidth"":629,""clientHeight"":629,""naturalWidth"":2000,""naturalHeight"":2000},{""clientWidth"":428,""clientHeight"":200,""naturalWidth"":428,""naturalHeight"":200}]}","[{""task"":""T0"",""task_label"":""What image is being described?"",""value"":[""a""]},{""task"":""T1"",""value"":""- The image shows \""P+\"" and not \""p+\"".\n- By writing \""V_e\"" the writer assumes that underscores symbolise the onset of subscripted text. This is inconsitent with the usage of \""+\"" in \""p+\"" and \""W+\"" which should be in the superscript of both cases.\n- The description of the wavy line, although harmless, deviates from the essence of the figure. \n"",""task_label"":""Was the answer clear? What could be improved?""}]","{""10591487"":{""retired"":null,""id"":""18"",""image1"":""Feynmann.jpg"",""image2"":""PdecayA3.png""}}",10591487
62779290,not-logged-in-3ae8fa7ab627b7f0bf30,,3ae8fa7ab627b7f0bf30,4459,Descriptions (Part II),13.17,2017-07-07 22:19:56 UTC,,,"{""session"":""aac73c542fa06eef6382cff2a9b9d69818c3cbb3988c77dcc88233376722a326"",""viewport"":{""width"":1920,""height"":950},""started_at"":""2017-07-07T22:18:50.776Z"",""user_agent"":""Mozilla/5.0 (Windows NT 10.0; Win64; x64) AppleWebKit/537.36 (KHTML, like Gecko) Chrome/59.0.3071.115 Safari/537.36"",""utc_offset"":""-10800"",""finished_at"":""2017-07-07T22:19:54.133Z"",""live_project"":true,""user_language"":""en"",""subject_dimensions"":[{""clientWidth"":185,""clientHeight"":185,""naturalWidth"":2000,""naturalHeight"":2000},{""clientWidth"":185,""clientHeight"":25,""naturalWidth"":430,""naturalHeight"":58}]}","[{""task"":""T0"",""task_label"":""What image is being described?"",""value"":[""d""]},{""task"":""T1"",""value"":"""",""task_label"":""Was the answer clear? What could be improved?""}]","{""10591498"":{""retired"":null,""id"":""29"",""image1"":""Emissions.jpg"",""image2"":""EmissionsA2.png""}}",10591498
63034343,not-logged-in-e58df9286ddd95a4e60d,,e58df9286ddd95a4e60d,4459,Descriptions (Part II),13.17,2017-07-10 08:25:11 UTC,,,"{""session"":""fd23dfa39b6a8fa8e90304f68afcf0eb7eba5e148ec2ccd01a1fa1898ab276a5"",""viewport"":{""width"":1680,""height"":893},""started_at"":""2017-07-10T08:14:47.888Z"",""user_agent"":""Mozilla/5.0 (Windows NT 6.1; WOW64; Trident/7.0; SLCC2; .NET CLR 2.0.50727; .NET CLR 3.5.30729; .NET CLR 3.0.30729; Media Center PC 6.0; .NET4.0C; .NET4.0E; rv:11.0) like Gecko"",""utc_offset"":""-3600"",""finished_at"":""2017-07-10T08:25:11.257Z"",""live_project"":true,""user_language"":""en"",""subject_dimensions"":[{""clientWidth"":586,""clientHeight"":586,""naturalWidth"":2000,""naturalHeight"":2000},{""clientWidth"":426,""clientHeight"":348,""naturalWidth"":426,""naturalHeight"":348}]}","[{""task"":""T0"",""task_label"":""What image is being described?"",""value"":[""d""]},{""task"":""T1"",""value"":""It was clear, although I wonder if it was helpful to also described the visual tendency; something like there is an increasing tendency which peaks in July/August, after which values start dropping gradually. Or maybe this would be confuding, I am not sure."",""task_label"":""Was the answer clear? What could be improved?""}]","{""10591470"":{""retired"":null,""id"":""1"",""image1"":""Temperature.jpg"",""image2"":""TempA1.png""}}",10591470
63034534,not-logged-in-e58df9286ddd95a4e60d,,e58df9286ddd95a4e60d,4459,Descriptions (Part II),13.17,2017-07-10 08:27:52 UTC,,,"{""session"":""fd23dfa39b6a8fa8e90304f68afcf0eb7eba5e148ec2ccd01a1fa1898ab276a5"",""viewport"":{""width"":1680,""height"":893},""started_at"":""2017-07-10T08:25:41.322Z"",""user_agent"":""Mozilla/5.0 (Windows NT 6.1; WOW64; Trident/7.0; SLCC2; .NET CLR 2.0.50727; .NET CLR 3.5.30729; .NET CLR 3.0.30729; Media Center PC 6.0; .NET4.0C; .NET4.0E; rv:11.0) like Gecko"",""utc_offset"":""-3600"",""finished_at"":""2017-07-10T08:27:52.259Z"",""live_project"":true,""user_language"":""en"",""subject_dimensions"":[{""clientWidth"":586,""clientHeight"":586,""naturalWidth"":2000,""naturalHeight"":2000},{""clientWidth"":433,""clientHeight"":50,""naturalWidth"":433,""naturalHeight"":50}]}","[{""task"":""T0"",""task_label"":""What image is being described?"",""value"":[""Unsure""]},{""task"":""T1"",""value"":""Not clear, it could be either of them (apart from c maybe). The answer provides no details on what parts of the eye are being displayed."",""task_label"":""Was the answer clear? What could be improved?""}]","{""10591484"":{""retired"":null,""id"":""15"",""image1"":""Eye.jpg"",""image2"":""EyeA3.png""}}",10591484
63035015,not-logged-in-e58df9286ddd95a4e60d,,e58df9286ddd95a4e60d,4459,Descriptions (Part II),13.17,2017-07-10 08:36:30 UTC,,,"{""session"":""fd23dfa39b6a8fa8e90304f68afcf0eb7eba5e148ec2ccd01a1fa1898ab276a5"",""viewport"":{""width"":1680,""height"":893},""started_at"":""2017-07-10T08:27:54.690Z"",""user_agent"":""Mozilla/5.0 (Windows NT 6.1; WOW64; Trident/7.0; SLCC2; .NET CLR 2.0.50727; .NET CLR 3.5.30729; .NET CLR 3.0.30729; Media Center PC 6.0; .NET4.0C; .NET4.0E; rv:11.0) like Gecko"",""utc_offset"":""-3600"",""finished_at"":""2017-07-10T08:36:30.354Z"",""live_project"":true,""user_language"":""en"",""subject_dimensions"":[{""clientWidth"":586,""clientHeight"":586,""naturalWidth"":2000,""naturalHeight"":2000},{""clientWidth"":403,""clientHeight"":164,""naturalWidth"":403,""naturalHeight"":164}]}","[{""task"":""T0"",""task_label"":""What image is being described?"",""value"":[""c""]},{""task"":""T1"",""value"":""Yes, although I cannot read the caption to verify that is correct."",""task_label"":""Was the answer clear? What could be improved?""}]","{""10591478"":{""retired"":null,""id"":""9"",""image1"":""Graphene.jpg"",""image2"":""GrapheneA4.png""}}",10591478
63035143,not-logged-in-e58df9286ddd95a4e60d,,e58df9286ddd95a4e60d,4459,Descriptions (Part II),13.17,2017-07-10 08:38:56 UTC,,,"{""session"":""fd23dfa39b6a8fa8e90304f68afcf0eb7eba5e148ec2ccd01a1fa1898ab276a5"",""viewport"":{""width"":1680,""height"":893},""started_at"":""2017-07-10T08:36:35.746Z"",""user_agent"":""Mozilla/5.0 (Windows NT 6.1; WOW64; Trident/7.0; SLCC2; .NET CLR 2.0.50727; .NET CLR 3.5.30729; .NET CLR 3.0.30729; Media Center PC 6.0; .NET4.0C; .NET4.0E; rv:11.0) like Gecko"",""utc_offset"":""-3600"",""finished_at"":""2017-07-10T08:38:56.498Z"",""live_project"":true,""user_language"":""en"",""subject_dimensions"":[{""clientWidth"":586,""clientHeight"":586,""naturalWidth"":2000,""naturalHeight"":2000},{""clientWidth"":398,""clientHeight"":220,""naturalWidth"":398,""naturalHeight"":220}]}","[{""task"":""T0"",""task_label"":""What image is being described?"",""value"":[""a""]},{""task"":""T1"",""value"":""Yes"",""task_label"":""Was the answer clear? What could be improved?""}]","{""10591493"":{""retired"":null,""id"":""24"",""image1"":""Stirling.jpg"",""image2"":""StirlingA1.png""}}",10591493
63035376,not-logged-in-e58df9286ddd95a4e60d,,e58df9286ddd95a4e60d,4459,Descriptions (Part II),13.17,2017-07-10 08:43:23 UTC,,,"{""session"":""fd23dfa39b6a8fa8e90304f68afcf0eb7eba5e148ec2ccd01a1fa1898ab276a5"",""viewport"":{""width"":1680,""height"":893},""started_at"":""2017-07-10T08:38:58.186Z"",""user_agent"":""Mozilla/5.0 (Windows NT 6.1; WOW64; Trident/7.0; SLCC2; .NET CLR 2.0.50727; .NET CLR 3.5.30729; .NET CLR 3.0.30729; Media Center PC 6.0; .NET4.0C; .NET4.0E; rv:11.0) like Gecko"",""utc_offset"":""-3600"",""finished_at"":""2017-07-10T08:43:22.923Z"",""live_project"":true,""user_language"":""en"",""subject_dimensions"":[{""clientWidth"":586,""clientHeight"":586,""naturalWidth"":2000,""naturalHeight"":2000},{""clientWidth"":423,""clientHeight"":100,""naturalWidth"":423,""naturalHeight"":100}]}","[{""task"":""T0"",""task_label"":""What image is being described?"",""value"":[""a""]},{""task"":""T1"",""value"":""Yes, however, would have been good to get a description of the visual appearance of the graph first; i.e. that it is a closed box."",""task_label"":""Was the answer clear? What could be improved?""}]","{""10591496"":{""retired"":null,""id"":""27"",""image1"":""Stirling.jpg"",""image2"":""StirlingA4.png""}}",10591496
63035436,not-logged-in-e58df9286ddd95a4e60d,,e58df9286ddd95a4e60d,4459,Descriptions (Part II),13.17,2017-07-10 08:44:23 UTC,,,"{""session"":""fd23dfa39b6a8fa8e90304f68afcf0eb7eba5e148ec2ccd01a1fa1898ab276a5"",""viewport"":{""width"":1680,""height"":893},""started_at"":""2017-07-10T08:43:24.603Z"",""user_agent"":""Mozilla/5.0 (Windows NT 6.1; WOW64; Trident/7.0; SLCC2; .NET CLR 2.0.50727; .NET CLR 3.5.30729; .NET CLR 3.0.30729; Media Center PC 6.0; .NET4.0C; .NET4.0E; rv:11.0) like Gecko"",""utc_offset"":""-3600"",""finished_at"":""2017-07-10T08:44:22.870Z"",""live_project"":true,""user_language"":""en"",""subject_dimensions"":[{""clientWidth"":586,""clientHeight"":586,""naturalWidth"":2000,""naturalHeight"":2000},{""clientWidth"":432,""clientHeight"":112,""naturalWidth"":432,""naturalHeight"":112}]}","[{""task"":""T0"",""task_label"":""What image is being described?"",""value"":[""d""]},{""task"":""T1"",""value"":""Yes, alrhogh could offer more specifics about the actual values for each month."",""task_label"":""Was the answer clear? What could be improved?""}]","{""10591472"":{""retired"":null,""id"":""3"",""image1"":""Temperature.jpg"",""image2"":""TempA3.png""}}",10591472
63035506,not-logged-in-e58df9286ddd95a4e60d,,e58df9286ddd95a4e60d,4459,Descriptions (Part II),13.17,2017-07-10 08:45:44 UTC,,,"{""session"":""fd23dfa39b6a8fa8e90304f68afcf0eb7eba5e148ec2ccd01a1fa1898ab276a5"",""viewport"":{""width"":1680,""height"":893},""started_at"":""2017-07-10T08:44:23.670Z"",""user_agent"":""Mozilla/5.0 (Windows NT 6.1; WOW64; Trident/7.0; SLCC2; .NET CLR 2.0.50727; .NET CLR 3.5.30729; .NET CLR 3.0.30729; Media Center PC 6.0; .NET4.0C; .NET4.0E; rv:11.0) like Gecko"",""utc_offset"":""-3600"",""finished_at"":""2017-07-10T08:45:44.050Z"",""live_project"":true,""user_language"":""en"",""subject_dimensions"":[{""clientWidth"":586,""clientHeight"":586,""naturalWidth"":2000,""naturalHeight"":2000},{""clientWidth"":410,""clientHeight"":172,""naturalWidth"":410,""naturalHeight"":172}]}","[{""task"":""T0"",""task_label"":""What image is being described?"",""value"":[""b"",""d""]},{""task"":""T1"",""value"":""Yes, although did not give specific info on where the described anatomical features are in relation to each other."",""task_label"":""Was the answer clear? What could be improved?""}]","{""10591482"":{""retired"":null,""id"":""13"",""image1"":""Eye.jpg"",""image2"":""EyeA1.png""}}",10591482
63035654,not-logged-in-e58df9286ddd95a4e60d,,e58df9286ddd95a4e60d,4459,Descriptions (Part II),13.17,2017-07-10 08:48:37 UTC,,,"{""session"":""fd23dfa39b6a8fa8e90304f68afcf0eb7eba5e148ec2ccd01a1fa1898ab276a5"",""viewport"":{""width"":1680,""height"":893},""started_at"":""2017-07-10T08:45:45.491Z"",""user_agent"":""Mozilla/5.0 (Windows NT 6.1; WOW64; Trident/7.0; SLCC2; .NET CLR 2.0.50727; .NET CLR 3.5.30729; .NET CLR 3.0.30729; Media Center PC 6.0; .NET4.0C; .NET4.0E; rv:11.0) like Gecko"",""utc_offset"":""-3600"",""finished_at"":""2017-07-10T08:48:37.089Z"",""live_project"":true,""user_language"":""en"",""subject_dimensions"":[{""clientWidth"":586,""clientHeight"":586,""naturalWidth"":2000,""naturalHeight"":2000},{""clientWidth"":420,""clientHeight"":57,""naturalWidth"":420,""naturalHeight"":57}]}","[{""task"":""T0"",""task_label"":""What image is being described?"",""value"":[""Unsure""]},{""task"":""T1"",""value"":""No, but mainly due to the actual figure not being clear on what it represents."",""task_label"":""Was the answer clear? What could be improved?""}]","{""10591489"":{""retired"":null,""id"":""20"",""image1"":""Integrals.jpg"",""image2"":""IntegralA1.png""}}",10591489
63035699,not-logged-in-e58df9286ddd95a4e60d,,e58df9286ddd95a4e60d,4459,Descriptions (Part II),13.17,2017-07-10 08:49:46 UTC,,,"{""session"":""fd23dfa39b6a8fa8e90304f68afcf0eb7eba5e148ec2ccd01a1fa1898ab276a5"",""viewport"":{""width"":1680,""height"":893},""started_at"":""2017-07-10T08:48:38.754Z"",""user_agent"":""Mozilla/5.0 (Windows NT 6.1; WOW64; Trident/7.0; SLCC2; .NET CLR 2.0.50727; .NET CLR 3.5.30729; .NET CLR 3.0.30729; Media Center PC 6.0; .NET4.0C; .NET4.0E; rv:11.0) like Gecko"",""utc_offset"":""-3600"",""finished_at"":""2017-07-10T08:49:45.806Z"",""live_project"":true,""user_language"":""en"",""subject_dimensions"":[{""clientWidth"":586,""clientHeight"":586,""naturalWidth"":2000,""naturalHeight"":2000},{""clientWidth"":428,""clientHeight"":200,""naturalWidth"":428,""naturalHeight"":200}]}","[{""task"":""T0"",""task_label"":""What image is being described?"",""value"":[""a""]},{""task"":""T1"",""value"":""Yes"",""task_label"":""Was the answer clear? What could be improved?""}]","{""10591487"":{""retired"":null,""id"":""18"",""image1"":""Feynmann.jpg"",""image2"":""PdecayA3.png""}}",10591487
63035749,not-logged-in-e58df9286ddd95a4e60d,,e58df9286ddd95a4e60d,4459,Descriptions (Part II),13.17,2017-07-10 08:50:42 UTC,,,"{""session"":""fd23dfa39b6a8fa8e90304f68afcf0eb7eba5e148ec2ccd01a1fa1898ab276a5"",""viewport"":{""width"":1680,""height"":893},""started_at"":""2017-07-10T08:49:47.826Z"",""user_agent"":""Mozilla/5.0 (Windows NT 6.1; WOW64; Trident/7.0; SLCC2; .NET CLR 2.0.50727; .NET CLR 3.5.30729; .NET CLR 3.0.30729; Media Center PC 6.0; .NET4.0C; .NET4.0E; rv:11.0) like Gecko"",""utc_offset"":""-3600"",""finished_at"":""2017-07-10T08:50:41.756Z"",""live_project"":true,""user_language"":""en"",""subject_dimensions"":[{""clientWidth"":586,""clientHeight"":586,""naturalWidth"":2000,""naturalHeight"":2000},{""clientWidth"":396,""clientHeight"":42,""naturalWidth"":396,""naturalHeight"":42}]}","[{""task"":""T0"",""task_label"":""What image is being described?"",""value"":[""Unsure""]},{""task"":""T1"",""value"":""No, it did not offer much info on the full look of the diagram or the relationship between lines or what they might represent."",""task_label"":""Was the answer clear? What could be improved?""}]","{""10591486"":{""retired"":null,""id"":""17"",""image1"":""Feynmann.jpg"",""image2"":""PdecayA2.png""}}",10591486
63035898,not-logged-in-e58df9286ddd95a4e60d,,e58df9286ddd95a4e60d,4459,Descriptions (Part II),13.17,2017-07-10 08:54:28 UTC,,,"{""session"":""fd23dfa39b6a8fa8e90304f68afcf0eb7eba5e148ec2ccd01a1fa1898ab276a5"",""viewport"":{""width"":1680,""height"":893},""started_at"":""2017-07-10T08:51:04.650Z"",""user_agent"":""Mozilla/5.0 (Windows NT 6.1; WOW64; Trident/7.0; SLCC2; .NET CLR 2.0.50727; .NET CLR 3.5.30729; .NET CLR 3.0.30729; Media Center PC 6.0; .NET4.0C; .NET4.0E; rv:11.0) like Gecko"",""utc_offset"":""-3600"",""finished_at"":""2017-07-10T08:54:27.721Z"",""live_project"":true,""user_language"":""en"",""subject_dimensions"":[{""clientWidth"":586,""clientHeight"":586,""naturalWidth"":2000,""naturalHeight"":2000},{""clientWidth"":437,""clientHeight"":258,""naturalWidth"":437,""naturalHeight"":258}]}","[{""task"":""T0"",""task_label"":""What image is being described?"",""value"":[""b""]},{""task"":""T1"",""value"":""Very clear; I feel I could have reproduced the actual image just by follwoing the description."",""task_label"":""Was the answer clear? What could be improved?""}]","{""10591481"":{""retired"":null,""id"":""12"",""image1"":""Reservoir.jpg"",""image2"":""HeatA2.png""}}",10591481
63607749,not-logged-in-3a7cfd8b8fa69a7268fb,,3a7cfd8b8fa69a7268fb,4459,Descriptions (Part II),13.17,2017-07-15 08:50:16 UTC,,,"{""session"":""6056dc5770df4fa7735fcfc1708bc265a1fd0adc76d47603c8b64f38b2dd7f7a"",""viewport"":{""width"":1982,""height"":1307},""started_at"":""2017-07-15T08:46:52.974Z"",""user_agent"":""Mozilla/5.0 (Macintosh; Intel Mac OS X 10.11; rv:54.0) Gecko/20100101 Firefox/54.0"",""utc_offset"":""-3600"",""finished_at"":""2017-07-15T08:50:15.594Z"",""live_project"":true,""user_language"":""en"",""subject_dimensions"":[{""clientWidth"":1176,""clientHeight"":1176,""naturalWidth"":2000,""naturalHeight"":2000},{""clientWidth"":431,""clientHeight"":88,""naturalWidth"":431,""naturalHeight"":88}]}","[{""task"":""T0"",""task_label"":""What image is being described?"",""value"":[""d""]},{""task"":""T1"",""value"":""It is clear but it is curious to me that one should go in clockwise order rather than identify the largest components first. "",""task_label"":""Was the answer clear? What could be improved?""}]","{""10591499"":{""retired"":null,""id"":""30"",""image1"":""Emissions.jpg"",""image2"":""EmissionsA3.png""}}",10591499
63608141,not-logged-in-3a7cfd8b8fa69a7268fb,,3a7cfd8b8fa69a7268fb,4459,Descriptions (Part II),13.17,2017-07-15 08:56:42 UTC,,,"{""session"":""6056dc5770df4fa7735fcfc1708bc265a1fd0adc76d47603c8b64f38b2dd7f7a"",""viewport"":{""width"":1982,""height"":1307},""started_at"":""2017-07-15T08:50:32.416Z"",""user_agent"":""Mozilla/5.0 (Macintosh; Intel Mac OS X 10.11; rv:54.0) Gecko/20100101 Firefox/54.0"",""utc_offset"":""-3600"",""finished_at"":""2017-07-15T08:56:41.085Z"",""live_project"":true,""user_language"":""en"",""subject_dimensions"":[{""clientWidth"":667,""clientHeight"":667,""naturalWidth"":2000,""naturalHeight"":2000},{""clientWidth"":432,""clientHeight"":59,""naturalWidth"":432,""naturalHeight"":59}]}","[{""task"":""T0"",""task_label"":""What image is being described?"",""value"":[""Unsure""]},{""task"":""T1"",""value"":""No. With all due respect, it is actually a dreadful description. The first clause must be related to the value of the velocity itself but since it uses 'seconds' rather than the correct unit (meter or km??? per sec) one would assume it refers to time in which case none of the graphs are showing an increase in velocity between 0 and 60 seconds. So if the idea was that it was the velocity that went from 0 to 60 meters per sec then it would be image d. The description fails to mention there are two plots curves in the plot. Constant velocity of car 2 needs to be mentioned. Finally description lacks important quantitative and qualitative details. "",""task_label"":""Was the answer clear? What could be improved?""}]","{""10591502"":{""retired"":null,""id"":""33"",""image1"":""Velocity.jpg"",""image2"":""VTA3.png""}}",10591502
63608301,not-logged-in-3a7cfd8b8fa69a7268fb,,3a7cfd8b8fa69a7268fb,4459,Descriptions (Part II),13.17,2017-07-15 08:59:02 UTC,,,"{""session"":""6056dc5770df4fa7735fcfc1708bc265a1fd0adc76d47603c8b64f38b2dd7f7a"",""viewport"":{""width"":1982,""height"":1307},""started_at"":""2017-07-15T08:56:44.717Z"",""user_agent"":""Mozilla/5.0 (Macintosh; Intel Mac OS X 10.11; rv:54.0) Gecko/20100101 Firefox/54.0"",""utc_offset"":""-3600"",""finished_at"":""2017-07-15T08:59:01.932Z"",""live_project"":true,""user_language"":""en"",""subject_dimensions"":[{""clientWidth"":667,""clientHeight"":667,""naturalWidth"":2000,""naturalHeight"":2000},{""clientWidth"":429,""clientHeight"":53,""naturalWidth"":429,""naturalHeight"":53}]}","[{""task"":""T0"",""task_label"":""What image is being described?"",""value"":[""Unsure""]},{""task"":""T1"",""value"":""Again, a dreadful description which does not match any of the 4 graphs. There is no sense of the size of the bars, the relative scale of the 'dip' and the 'increase'. "",""task_label"":""Was the answer clear? What could be improved?""}]","{""10591490"":{""retired"":null,""id"":""21"",""image1"":""Integrals.jpg"",""image2"":""IntegralA2.png""}}",10591490
63608397,not-logged-in-3a7cfd8b8fa69a7268fb,,3a7cfd8b8fa69a7268fb,4459,Descriptions (Part II),13.17,2017-07-15 09:00:31 UTC,,,"{""session"":""6056dc5770df4fa7735fcfc1708bc265a1fd0adc76d47603c8b64f38b2dd7f7a"",""viewport"":{""width"":1982,""height"":1307},""started_at"":""2017-07-15T08:59:04.104Z"",""user_agent"":""Mozilla/5.0 (Macintosh; Intel Mac OS X 10.11; rv:54.0) Gecko/20100101 Firefox/54.0"",""utc_offset"":""-3600"",""finished_at"":""2017-07-15T09:00:30.919Z"",""live_project"":true,""user_language"":""en"",""subject_dimensions"":[{""clientWidth"":667,""clientHeight"":667,""naturalWidth"":2000,""naturalHeight"":2000},{""clientWidth"":438,""clientHeight"":102,""naturalWidth"":438,""naturalHeight"":102}]}","[{""task"":""T0"",""task_label"":""What image is being described?"",""value"":[""a""]},{""task"":""T1"",""value"":""Excellent description. "",""task_label"":""Was the answer clear? What could be improved?""}]","{""10591492"":{""retired"":null,""id"":""23"",""image1"":""NASA.jpg"",""image2"":""NASAA1.png""}}",10591492
63608741,not-logged-in-3a7cfd8b8fa69a7268fb,,3a7cfd8b8fa69a7268fb,4459,Descriptions (Part II),13.17,2017-07-15 09:07:28 UTC,,,"{""session"":""6056dc5770df4fa7735fcfc1708bc265a1fd0adc76d47603c8b64f38b2dd7f7a"",""viewport"":{""width"":1982,""height"":1307},""started_at"":""2017-07-15T09:00:32.588Z"",""user_agent"":""Mozilla/5.0 (Macintosh; Intel Mac OS X 10.11; rv:54.0) Gecko/20100101 Firefox/54.0"",""utc_offset"":""-3600"",""finished_at"":""2017-07-15T09:07:27.634Z"",""live_project"":true,""user_language"":""en"",""subject_dimensions"":[{""clientWidth"":667,""clientHeight"":667,""naturalWidth"":2000,""naturalHeight"":2000},{""clientWidth"":424,""clientHeight"":185,""naturalWidth"":424,""naturalHeight"":185}]}","[{""task"":""T0"",""task_label"":""What image is being described?"",""value"":[""b""]},{""task"":""T1"",""value"":""Clear enough but in my experience of teaching students, most students (nb: sighted) will assume the x axis to be the horizontal axis. I would like to know what mental image of the graph would be constructed by a blind student using this description. "",""task_label"":""Was the answer clear? What could be improved?""}]","{""10591501"":{""retired"":null,""id"":""32"",""image1"":""Velocity.jpg"",""image2"":""VTA2.png""}}",10591501
63608909,not-logged-in-3a7cfd8b8fa69a7268fb,,3a7cfd8b8fa69a7268fb,4459,Descriptions (Part II),13.17,2017-07-15 09:10:19 UTC,,,"{""session"":""6056dc5770df4fa7735fcfc1708bc265a1fd0adc76d47603c8b64f38b2dd7f7a"",""viewport"":{""width"":1982,""height"":1307},""started_at"":""2017-07-15T09:07:29.391Z"",""user_agent"":""Mozilla/5.0 (Macintosh; Intel Mac OS X 10.11; rv:54.0) Gecko/20100101 Firefox/54.0"",""utc_offset"":""-3600"",""finished_at"":""2017-07-15T09:10:18.737Z"",""live_project"":true,""user_language"":""en"",""subject_dimensions"":[{""clientWidth"":667,""clientHeight"":667,""naturalWidth"":2000,""naturalHeight"":2000},{""clientWidth"":430,""clientHeight"":57,""naturalWidth"":430,""naturalHeight"":57}]}","[{""task"":""T0"",""task_label"":""What image is being described?"",""value"":[""Unsure""]},{""task"":""T1"",""value"":""Dreadful description. The existence of a diagram actually serves no function since the description does not say anything about what the student cannot see. The student likely already knows that an eye has a vitreous body and a lens and there are other layers. What the description needs to do is to explain how they are organized in relation to one another. Also what shapes specific bits take. "",""task_label"":""Was the answer clear? What could be improved?""}]","{""10591483"":{""retired"":null,""id"":""14"",""image1"":""Eye.jpg"",""image2"":""EyeA2.png""}}",10591483
63609143,not-logged-in-3a7cfd8b8fa69a7268fb,,3a7cfd8b8fa69a7268fb,4459,Descriptions (Part II),13.17,2017-07-15 09:15:14 UTC,,,"{""session"":""6056dc5770df4fa7735fcfc1708bc265a1fd0adc76d47603c8b64f38b2dd7f7a"",""viewport"":{""width"":1982,""height"":1307},""started_at"":""2017-07-15T09:10:21.248Z"",""user_agent"":""Mozilla/5.0 (Macintosh; Intel Mac OS X 10.11; rv:54.0) Gecko/20100101 Firefox/54.0"",""utc_offset"":""-3600"",""finished_at"":""2017-07-15T09:15:13.795Z"",""live_project"":true,""user_language"":""en"",""subject_dimensions"":[{""clientWidth"":667,""clientHeight"":667,""naturalWidth"":2000,""naturalHeight"":2000},{""clientWidth"":428,""clientHeight"":133,""naturalWidth"":428,""naturalHeight"":133}]}","[{""task"":""T0"",""task_label"":""What image is being described?"",""value"":[""b""]},{""task"":""T1"",""value"":""Clear enough but I do not think referring to coordinates help. It would be more useful to describe what is happening. Also there is a typo: 49 should read 40. Also use of 'curved' (between 40 and 60) is not very specific. Would be more useful to know that the car decelerates continuously. "",""task_label"":""Was the answer clear? What could be improved?""}]","{""10591500"":{""retired"":null,""id"":""31"",""image1"":""Velocity.jpg"",""image2"":""VTA1.png""}}",10591500
64258779,not-logged-in-7a1de82ce92b39abb01e,,7a1de82ce92b39abb01e,4459,Descriptions (Part II),13.17,2017-07-21 09:55:12 UTC,,,"{""session"":""d60a4f9d47eec65a6439bb2308d3bee7efba7b078e5205dea137f0753f17f78d"",""viewport"":{""width"":1920,""height"":990},""started_at"":""2017-07-21T09:54:17.061Z"",""user_agent"":""Mozilla/5.0 (Windows NT 6.1; Win64; x64) AppleWebKit/537.36 (KHTML, like Gecko) Chrome/59.0.3071.115 Safari/537.36"",""utc_offset"":""-3600"",""finished_at"":""2017-07-21T09:55:12.127Z"",""live_project"":true,""user_language"":""en"",""subject_dimensions"":[{""clientWidth"":629,""clientHeight"":629,""naturalWidth"":2000,""naturalHeight"":2000},{""clientWidth"":408,""clientHeight"":165,""naturalWidth"":408,""naturalHeight"":165}]}","[{""task"":""T0"",""task_label"":""What image is being described?"",""value"":[""c""]},{""task"":""T1"",""value"":"""",""task_label"":""Was the answer clear? What could be improved?""}]","{""10591479"":{""retired"":null,""id"":""10"",""image1"":""Graphene.jpg"",""image2"":""GrapheneA5.png""}}",10591479
64258831,not-logged-in-7a1de82ce92b39abb01e,,7a1de82ce92b39abb01e,4459,Descriptions (Part II),13.17,2017-07-21 09:56:07 UTC,,,"{""session"":""d60a4f9d47eec65a6439bb2308d3bee7efba7b078e5205dea137f0753f17f78d"",""viewport"":{""width"":1920,""height"":990},""started_at"":""2017-07-21T09:55:14.484Z"",""user_agent"":""Mozilla/5.0 (Windows NT 6.1; Win64; x64) AppleWebKit/537.36 (KHTML, like Gecko) Chrome/59.0.3071.115 Safari/537.36"",""utc_offset"":""-3600"",""finished_at"":""2017-07-21T09:56:06.539Z"",""live_project"":true,""user_language"":""en"",""subject_dimensions"":[{""clientWidth"":629,""clientHeight"":629,""naturalWidth"":2000,""naturalHeight"":2000},{""clientWidth"":410,""clientHeight"":172,""naturalWidth"":410,""naturalHeight"":172}]}","[{""task"":""T0"",""task_label"":""What image is being described?"",""value"":[""b""]},{""task"":""T1"",""value"":"""",""task_label"":""Was the answer clear? What could be improved?""}]","{""10591482"":{""retired"":null,""id"":""13"",""image1"":""Eye.jpg"",""image2"":""EyeA1.png""}}",10591482
64258876,not-logged-in-7a1de82ce92b39abb01e,,7a1de82ce92b39abb01e,4459,Descriptions (Part II),13.17,2017-07-21 09:56:51 UTC,,,"{""session"":""d60a4f9d47eec65a6439bb2308d3bee7efba7b078e5205dea137f0753f17f78d"",""viewport"":{""width"":1920,""height"":990},""started_at"":""2017-07-21T09:56:07.570Z"",""user_agent"":""Mozilla/5.0 (Windows NT 6.1; Win64; x64) AppleWebKit/537.36 (KHTML, like Gecko) Chrome/59.0.3071.115 Safari/537.36"",""utc_offset"":""-3600"",""finished_at"":""2017-07-21T09:56:50.705Z"",""live_project"":true,""user_language"":""en"",""subject_dimensions"":[{""clientWidth"":629,""clientHeight"":629,""naturalWidth"":2000,""naturalHeight"":2000},{""clientWidth"":426,""clientHeight"":348,""naturalWidth"":426,""naturalHeight"":348}]}","[{""task"":""T0"",""task_label"":""What image is being described?"",""value"":[""d""]},{""task"":""T1"",""value"":"""",""task_label"":""Was the answer clear? What could be improved?""}]","{""10591470"":{""retired"":null,""id"":""1"",""image1"":""Temperature.jpg"",""image2"":""TempA1.png""}}",10591470
64258968,not-logged-in-7a1de82ce92b39abb01e,,7a1de82ce92b39abb01e,4459,Descriptions (Part II),13.17,2017-07-21 09:58:05 UTC,,,"{""session"":""d60a4f9d47eec65a6439bb2308d3bee7efba7b078e5205dea137f0753f17f78d"",""viewport"":{""width"":1920,""height"":990},""started_at"":""2017-07-21T09:56:51.935Z"",""user_agent"":""Mozilla/5.0 (Windows NT 6.1; Win64; x64) AppleWebKit/537.36 (KHTML, like Gecko) Chrome/59.0.3071.115 Safari/537.36"",""utc_offset"":""-3600"",""finished_at"":""2017-07-21T09:58:05.070Z"",""live_project"":true,""user_language"":""en"",""subject_dimensions"":[{""clientWidth"":629,""clientHeight"":629,""naturalWidth"":2000,""naturalHeight"":2000},{""clientWidth"":430,""clientHeight"":142,""naturalWidth"":430,""naturalHeight"":142}]}","[{""task"":""T0"",""task_label"":""What image is being described?"",""value"":[""a""]},{""task"":""T1"",""value"":"""",""task_label"":""Was the answer clear? What could be improved?""}]","{""10591488"":{""retired"":null,""id"":""19"",""image1"":""Feynmann.jpg"",""image2"":""PdecayA4.png""}}",10591488
64259017,not-logged-in-7a1de82ce92b39abb01e,,7a1de82ce92b39abb01e,4459,Descriptions (Part II),13.17,2017-07-21 09:58:48 UTC,,,"{""session"":""d60a4f9d47eec65a6439bb2308d3bee7efba7b078e5205dea137f0753f17f78d"",""viewport"":{""width"":1920,""height"":990},""started_at"":""2017-07-21T09:58:06.019Z"",""user_agent"":""Mozilla/5.0 (Windows NT 6.1; Win64; x64) AppleWebKit/537.36 (KHTML, like Gecko) Chrome/59.0.3071.115 Safari/537.36"",""utc_offset"":""-3600"",""finished_at"":""2017-07-21T09:58:48.349Z"",""live_project"":true,""user_language"":""en"",""subject_dimensions"":[{""clientWidth"":629,""clientHeight"":629,""naturalWidth"":2000,""naturalHeight"":2000},{""clientWidth"":437,""clientHeight"":258,""naturalWidth"":437,""naturalHeight"":258}]}","[{""task"":""T0"",""task_label"":""What image is being described?"",""value"":[""b""]},{""task"":""T1"",""value"":"""",""task_label"":""Was the answer clear? What could be improved?""}]","{""10591481"":{""retired"":null,""id"":""12"",""image1"":""Reservoir.jpg"",""image2"":""HeatA2.png""}}",10591481
64259048,not-logged-in-7a1de82ce92b39abb01e,,7a1de82ce92b39abb01e,4459,Descriptions (Part II),13.17,2017-07-21 09:59:17 UTC,,,"{""session"":""d60a4f9d47eec65a6439bb2308d3bee7efba7b078e5205dea137f0753f17f78d"",""viewport"":{""width"":1920,""height"":990},""started_at"":""2017-07-21T09:58:49.601Z"",""user_agent"":""Mozilla/5.0 (Windows NT 6.1; Win64; x64) AppleWebKit/537.36 (KHTML, like Gecko) Chrome/59.0.3071.115 Safari/537.36"",""utc_offset"":""-3600"",""finished_at"":""2017-07-21T09:59:16.437Z"",""live_project"":true,""user_language"":""en"",""subject_dimensions"":[{""clientWidth"":629,""clientHeight"":629,""naturalWidth"":2000,""naturalHeight"":2000},{""clientWidth"":423,""clientHeight"":100,""naturalWidth"":423,""naturalHeight"":100}]}","[{""task"":""T0"",""task_label"":""What image is being described?"",""value"":[""a""]},{""task"":""T1"",""value"":"""",""task_label"":""Was the answer clear? What could be improved?""}]","{""10591496"":{""retired"":null,""id"":""27"",""image1"":""Stirling.jpg"",""image2"":""StirlingA4.png""}}",10591496
65820911,not-logged-in-d1e2ebf423b2a74e05ff,,d1e2ebf423b2a74e05ff,4459,Descriptions (Part II),13.17,2017-08-05 08:48:01 UTC,,,"{""session"":""b6cfc1a9d86a4c8e299f52305a4631f6c89fd969efebecd94143cae0137c260c"",""viewport"":{""width"":1140,""height"":816},""started_at"":""2017-08-05T08:40:53.946Z"",""user_agent"":""Mozilla/5.0 (Macintosh; Intel Mac OS X 10_12_5) AppleWebKit/603.2.4 (KHTML, like Gecko) Version/10.1.1 Safari/603.2.4"",""utc_offset"":""-3600"",""finished_at"":""2017-08-05T08:48:01.560Z"",""live_project"":true,""user_language"":""en"",""subject_dimensions"":[{""clientWidth"":542,""clientHeight"":542,""naturalWidth"":2000,""naturalHeight"":2000},{""clientWidth"":271,""clientHeight"":37,""naturalWidth"":420,""naturalHeight"":57}]}","[{""task"":""T0"",""task_label"":""What image is being described?"",""value"":[""Unsure""]},{""task"":""T1"",""value"":""It seems to me that none of the curves has two maxima and two minima. It seems to me that all the curves have one maximum, one minimum, and some inflection points. Also, \""The curve is divided into sections\"" is not clear enough. Maybe this could be changed to \""the area of the region between the x axis and the graph of f is approximated by rectangles\"""",""task_label"":""Was the answer clear? What could be improved?""}]","{""10591489"":{""retired"":null,""id"":""20"",""image1"":""Integrals.jpg"",""image2"":""IntegralA1.png""}}",10591489
66928481,not-logged-in-1984104d5844a2819723,,1984104d5844a2819723,4459,Descriptions (Part II),13.17,2017-08-15 12:59:59 UTC,,,"{""session"":""f3c65eebd80da92c4ce3e679a489bb1a0c76fb5e4d8adc68bac758475f195374"",""viewport"":{""width"":1920,""height"":950},""started_at"":""2017-08-15T12:58:02.679Z"",""user_agent"":""Mozilla/5.0 (Windows NT 6.1) AppleWebKit/537.36 (KHTML, like Gecko) Chrome/60.0.3112.90 Safari/537.36"",""utc_offset"":""-3600"",""finished_at"":""2017-08-15T12:59:59.463Z"",""live_project"":true,""user_language"":""en"",""subject_dimensions"":[{""clientWidth"":273,""clientHeight"":273,""naturalWidth"":2000,""naturalHeight"":2000},{""clientWidth"":273,""clientHeight"":204,""naturalWidth"":424,""naturalHeight"":316}]}","[{""task"":""T0"",""task_label"":""What image is being described?"",""value"":[""d""]},{""task"":""T1"",""value"":""Very clear. No problems or gaps."",""task_label"":""Was the answer clear? What could be improved?""}]","{""10591474"":{""retired"":null,""id"":""5"",""image1"":""Temperature.jpg"",""image2"":""TempA5.png""}}",10591474
67062723,klmasters,54,2e62b21e96c69e1341d1,4459,Descriptions (Part II),13.17,2017-08-16 07:45:21 UTC,,,"{""session"":""f00663ec36db1de837dc8917d8b2529de0fac8035e8a1aa06e3719c9ed26b483"",""viewport"":{""width"":1280,""height"":670},""started_at"":""2017-08-16T07:45:04.832Z"",""user_agent"":""Mozilla/5.0 (Macintosh; Intel Mac OS X 10.10; rv:55.0) Gecko/20100101 Firefox/55.0"",""utc_offset"":""-3600"",""finished_at"":""2017-08-16T07:45:21.788Z"",""live_project"":true,""user_language"":""en"",""user_group_ids"":[],""subject_dimensions"":[{""clientWidth"":329,""clientHeight"":329,""naturalWidth"":2000,""naturalHeight"":2000},{""clientWidth"":329,""clientHeight"":44,""naturalWidth"":430,""naturalHeight"":58}]}","[{""task"":""T0"",""task_label"":""What image is being described?"",""value"":[""Unsure""]},{""task"":""T1"",""value"":""I just see black boxes for both image and description."",""task_label"":""Was the answer clear? What could be improved?""}]","{""10591498"":{""retired"":null,""id"":""29"",""image1"":""Emissions.jpg"",""image2"":""EmissionsA2.png""}}",10591498
67062866,klmasters,54,2e62b21e96c69e1341d1,4459,Descriptions (Part II),13.17,2017-08-16 07:46:42 UTC,,,"{""session"":""f00663ec36db1de837dc8917d8b2529de0fac8035e8a1aa06e3719c9ed26b483"",""viewport"":{""width"":1280,""height"":670},""started_at"":""2017-08-16T07:45:22.927Z"",""user_agent"":""Mozilla/5.0 (Macintosh; Intel Mac OS X 10.10; rv:55.0) Gecko/20100101 Firefox/55.0"",""utc_offset"":""-3600"",""finished_at"":""2017-08-16T07:46:42.912Z"",""live_project"":true,""user_language"":""en"",""user_group_ids"":[],""subject_dimensions"":[{""clientWidth"":329,""clientHeight"":329,""naturalWidth"":2000,""naturalHeight"":2000},{""clientWidth"":329,""clientHeight"":62,""naturalWidth"":429,""naturalHeight"":81}]}","[{""task"":""T0"",""task_label"":""What image is being described?"",""value"":[""b""]},{""task"":""T1"",""value"":""Would have been good to include a description of the shape of the histogram (e.g. the histogram is higher towards point b). "",""task_label"":""Was the answer clear? What could be improved?""}]","{""10591491"":{""retired"":null,""id"":""22"",""image1"":""Integrals.jpg"",""image2"":""IntegralA3.png""}}",10591491
67062927,klmasters,54,2e62b21e96c69e1341d1,4459,Descriptions (Part II),13.17,2017-08-16 07:47:11 UTC,,,"{""session"":""f00663ec36db1de837dc8917d8b2529de0fac8035e8a1aa06e3719c9ed26b483"",""viewport"":{""width"":1280,""height"":670},""started_at"":""2017-08-16T07:46:44.513Z"",""user_agent"":""Mozilla/5.0 (Macintosh; Intel Mac OS X 10.10; rv:55.0) Gecko/20100101 Firefox/55.0"",""utc_offset"":""-3600"",""finished_at"":""2017-08-16T07:47:11.869Z"",""live_project"":true,""user_language"":""en"",""user_group_ids"":[],""subject_dimensions"":[{""clientWidth"":329,""clientHeight"":329,""naturalWidth"":2000,""naturalHeight"":2000},{""clientWidth"":329,""clientHeight"":41,""naturalWidth"":429,""naturalHeight"":53}]}","[{""task"":""T0"",""task_label"":""What image is being described?"",""value"":[""b""]},{""task"":""T1"",""value"":""Highly incomplete description."",""task_label"":""Was the answer clear? What could be improved?""}]","{""10591490"":{""retired"":null,""id"":""21"",""image1"":""Integrals.jpg"",""image2"":""IntegralA2.png""}}",10591490
67063065,klmasters,54,2e62b21e96c69e1341d1,4459,Descriptions (Part II),13.17,2017-08-16 07:48:47 UTC,,,"{""session"":""f00663ec36db1de837dc8917d8b2529de0fac8035e8a1aa06e3719c9ed26b483"",""viewport"":{""width"":1280,""height"":670},""started_at"":""2017-08-16T07:47:12.908Z"",""user_agent"":""Mozilla/5.0 (Macintosh; Intel Mac OS X 10.10; rv:55.0) Gecko/20100101 Firefox/55.0"",""utc_offset"":""-3600"",""finished_at"":""2017-08-16T07:48:46.968Z"",""live_project"":true,""user_language"":""en"",""user_group_ids"":[],""subject_dimensions"":[{""clientWidth"":329,""clientHeight"":329,""naturalWidth"":2000,""naturalHeight"":2000},{""clientWidth"":329,""clientHeight"":257,""naturalWidth"":404,""naturalHeight"":315}]}","[{""task"":""T0"",""task_label"":""What image is being described?"",""value"":[""d""]},{""task"":""T1"",""value"":""Excellent description. Could be improved by including the range of temperatures of the y-axis. "",""task_label"":""Was the answer clear? What could be improved?""}]","{""10591471"":{""retired"":null,""id"":""2"",""image1"":""Temperature.jpg"",""image2"":""TempA2.png""}}",10591471
67063118,klmasters,54,2e62b21e96c69e1341d1,4459,Descriptions (Part II),13.17,2017-08-16 07:49:19 UTC,,,"{""session"":""f00663ec36db1de837dc8917d8b2529de0fac8035e8a1aa06e3719c9ed26b483"",""viewport"":{""width"":1280,""height"":670},""started_at"":""2017-08-16T07:48:48.014Z"",""user_agent"":""Mozilla/5.0 (Macintosh; Intel Mac OS X 10.10; rv:55.0) Gecko/20100101 Firefox/55.0"",""utc_offset"":""-3600"",""finished_at"":""2017-08-16T07:49:19.934Z"",""live_project"":true,""user_language"":""en"",""user_group_ids"":[],""subject_dimensions"":[{""clientWidth"":329,""clientHeight"":329,""naturalWidth"":2000,""naturalHeight"":2000},{""clientWidth"":329,""clientHeight"":85,""naturalWidth"":427,""naturalHeight"":110}]}","[{""task"":""T0"",""task_label"":""What image is being described?"",""value"":[""a""]},{""task"":""T1"",""value"":"""",""task_label"":""Was the answer clear? What could be improved?""}]","{""10591485"":{""retired"":null,""id"":""16"",""image1"":""Feynmann.jpg"",""image2"":""PdecayA1.png""}}",10591485
67063178,klmasters,54,2e62b21e96c69e1341d1,4459,Descriptions (Part II),13.17,2017-08-16 07:49:52 UTC,,,"{""session"":""f00663ec36db1de837dc8917d8b2529de0fac8035e8a1aa06e3719c9ed26b483"",""viewport"":{""width"":1280,""height"":670},""started_at"":""2017-08-16T07:49:21.282Z"",""user_agent"":""Mozilla/5.0 (Macintosh; Intel Mac OS X 10.10; rv:55.0) Gecko/20100101 Firefox/55.0"",""utc_offset"":""-3600"",""finished_at"":""2017-08-16T07:49:52.654Z"",""live_project"":true,""user_language"":""en"",""user_group_ids"":[],""subject_dimensions"":[{""clientWidth"":329,""clientHeight"":329,""naturalWidth"":2000,""naturalHeight"":2000},{""clientWidth"":329,""clientHeight"":26,""naturalWidth"":392,""naturalHeight"":31}]}","[{""task"":""T0"",""task_label"":""What image is being described?"",""value"":[""c""]},{""task"":""T1"",""value"":""If the user does not know what a honeycomb looks like this wouldn't be a good description, but if they do it's excellent. "",""task_label"":""Was the answer clear? What could be improved?""}]","{""10591475"":{""retired"":null,""id"":""6"",""image1"":""Graphene.jpg"",""image2"":""GrapheneA1.png""}}",10591475
67063292,klmasters,54,2e62b21e96c69e1341d1,4459,Descriptions (Part II),13.17,2017-08-16 07:51:14 UTC,,,"{""session"":""f00663ec36db1de837dc8917d8b2529de0fac8035e8a1aa06e3719c9ed26b483"",""viewport"":{""width"":1280,""height"":670},""started_at"":""2017-08-16T07:49:53.729Z"",""user_agent"":""Mozilla/5.0 (Macintosh; Intel Mac OS X 10.10; rv:55.0) Gecko/20100101 Firefox/55.0"",""utc_offset"":""-3600"",""finished_at"":""2017-08-16T07:50:31.568Z"",""live_project"":true,""user_language"":""en"",""user_group_ids"":[],""subject_dimensions"":[{""clientWidth"":329,""clientHeight"":329,""naturalWidth"":2000,""naturalHeight"":2000},{""clientWidth"":329,""clientHeight"":75,""naturalWidth"":419,""naturalHeight"":96}]}","[{""task"":""T0"",""task_label"":""What image is being described?"",""value"":[""c""]},{""task"":""T1"",""value"":""Clear description. Would be good to use the word hexagon for regular 6-sided polygon! ;) "",""task_label"":""Was the answer clear? What could be improved?""}]","{""10591477"":{""retired"":null,""id"":""8"",""image1"":""Graphene.jpg"",""image2"":""GrapheneA3.png""}}",10591477
67063395,klmasters,54,2e62b21e96c69e1341d1,4459,Descriptions (Part II),13.17,2017-08-16 07:52:25 UTC,,,"{""session"":""f00663ec36db1de837dc8917d8b2529de0fac8035e8a1aa06e3719c9ed26b483"",""viewport"":{""width"":1280,""height"":670},""started_at"":""2017-08-16T07:49:53.729Z"",""user_agent"":""Mozilla/5.0 (Macintosh; Intel Mac OS X 10.10; rv:55.0) Gecko/20100101 Firefox/55.0"",""utc_offset"":""-3600"",""finished_at"":""2017-08-16T07:50:31.568Z"",""seen_before"":true,""live_project"":true,""user_language"":""en"",""user_group_ids"":[],""subject_dimensions"":[{""clientWidth"":329,""clientHeight"":329,""naturalWidth"":2000,""naturalHeight"":2000},{""clientWidth"":329,""clientHeight"":75,""naturalWidth"":419,""naturalHeight"":96}]}","[{""task"":""T0"",""task_label"":""What image is being described?"",""value"":[""c""]},{""task"":""T1"",""value"":""Clear description. Would be good to use the word hexagon for regular 6-sided polygon! ;) "",""task_label"":""Was the answer clear? What could be improved?""}]","{""10591477"":{""retired"":null,""id"":""8"",""image1"":""Graphene.jpg"",""image2"":""GrapheneA3.png""}}",10591477
67063397,klmasters,54,2e62b21e96c69e1341d1,4459,Descriptions (Part II),13.17,2017-08-16 07:52:26 UTC,,,"{""session"":""f00663ec36db1de837dc8917d8b2529de0fac8035e8a1aa06e3719c9ed26b483"",""viewport"":{""width"":1280,""height"":670},""started_at"":""2017-08-16T07:50:32.572Z"",""user_agent"":""Mozilla/5.0 (Macintosh; Intel Mac OS X 10.10; rv:55.0) Gecko/20100101 Firefox/55.0"",""utc_offset"":""-3600"",""finished_at"":""2017-08-16T07:51:40.327Z"",""live_project"":true,""user_language"":""en"",""user_group_ids"":[],""subject_dimensions"":[{""clientWidth"":329,""clientHeight"":329,""naturalWidth"":2000,""naturalHeight"":2000},{""clientWidth"":329,""clientHeight"":77,""naturalWidth"":438,""naturalHeight"":102}]}","[{""task"":""T0"",""task_label"":""What image is being described?"",""value"":[""a""]},{""task"":""T1"",""value"":"""",""task_label"":""Was the answer clear? What could be improved?""}]","{""10591492"":{""retired"":null,""id"":""23"",""image1"":""NASA.jpg"",""image2"":""NASAA1.png""}}",10591492
67063469,klmasters,54,2e62b21e96c69e1341d1,4459,Descriptions (Part II),13.17,2017-08-16 07:53:01 UTC,,,"{""session"":""f00663ec36db1de837dc8917d8b2529de0fac8035e8a1aa06e3719c9ed26b483"",""viewport"":{""width"":1280,""height"":670},""started_at"":""2017-08-16T07:51:41.523Z"",""user_agent"":""Mozilla/5.0 (Macintosh; Intel Mac OS X 10.10; rv:55.0) Gecko/20100101 Firefox/55.0"",""utc_offset"":""-3600"",""finished_at"":""2017-08-16T07:52:40.683Z"",""live_project"":true,""user_language"":""en"",""user_group_ids"":[],""subject_dimensions"":[{""clientWidth"":329,""clientHeight"":329,""naturalWidth"":2000,""naturalHeight"":2000},{""clientWidth"":329,""clientHeight"":44,""naturalWidth"":429,""naturalHeight"":57}]}","[{""task"":""T0"",""task_label"":""What image is being described?"",""value"":[""b""]},{""task"":""T1"",""value"":""Enought to determine which graph, but very incomplete description."",""task_label"":""Was the answer clear? What could be improved?""}]","{""10591473"":{""retired"":null,""id"":""4"",""image1"":""Temperature.jpg"",""image2"":""TempA4.png""}}",10591473
68879331,not-logged-in-a860cf081ed757d59c2d,,a860cf081ed757d59c2d,4459,Descriptions (Part II),13.17,2017-09-01 16:27:44 UTC,,,"{""session"":""c2ed0b05b14713d874f8093099dcee6a4048a2e639182232508f64795130bfab"",""viewport"":{""width"":1599,""height"":826},""started_at"":""2017-09-01T16:22:46.720Z"",""user_agent"":""Mozilla/5.0 (Macintosh; Intel Mac OS X 10_12_6) AppleWebKit/537.36 (KHTML, like Gecko) Chrome/60.0.3112.101 Safari/537.36"",""utc_offset"":""25200"",""finished_at"":""2017-09-01T16:27:34.047Z"",""live_project"":true,""user_language"":""en"",""subject_dimensions"":[{""clientWidth"":487,""clientHeight"":487,""naturalWidth"":2000,""naturalHeight"":2000},{""clientWidth"":424,""clientHeight"":185,""naturalWidth"":424,""naturalHeight"":185}]}","[{""task"":""T0"",""task_label"":""What image is being described?"",""value"":[""b""]},{""task"":""T1"",""value"":""The x- and y-axes have been reversed in the description, the x-axis should be the time in seconds while the y-axis is the velocity."",""task_label"":""Was the answer clear? What could be improved?""}]","{""10591501"":{""retired"":null,""id"":""32"",""image1"":""Velocity.jpg"",""image2"":""VTA2.png""}}",10591501
68879840,not-logged-in-a860cf081ed757d59c2d,,a860cf081ed757d59c2d,4459,Descriptions (Part II),13.17,2017-09-01 16:33:34 UTC,,,"{""session"":""c2ed0b05b14713d874f8093099dcee6a4048a2e639182232508f64795130bfab"",""viewport"":{""width"":1599,""height"":826},""started_at"":""2017-09-01T16:27:45.454Z"",""user_agent"":""Mozilla/5.0 (Macintosh; Intel Mac OS X 10_12_6) AppleWebKit/537.36 (KHTML, like Gecko) Chrome/60.0.3112.101 Safari/537.36"",""utc_offset"":""25200"",""finished_at"":""2017-09-01T16:33:23.612Z"",""live_project"":true,""user_language"":""en"",""subject_dimensions"":[{""clientWidth"":487,""clientHeight"":487,""naturalWidth"":2000,""naturalHeight"":2000},{""clientWidth"":432,""clientHeight"":59,""naturalWidth"":432,""naturalHeight"":59}]}","[{""task"":""T0"",""task_label"":""What image is being described?"",""value"":[""Unsure""]},{""task"":""T1"",""value"":""The velocity does not increase from 0 - 60s in any of the plots. The velocity does level off between 20 - 40s and curb downward from 40 - 60s for three of the four plots, but there is no way to distinguish between them. Also, Car 1 should be specified."",""task_label"":""Was the answer clear? What could be improved?""}]","{""10591502"":{""retired"":null,""id"":""33"",""image1"":""Velocity.jpg"",""image2"":""VTA3.png""}}",10591502
77821440,not-logged-in-00f3d0037c8b7171b426,,00f3d0037c8b7171b426,4459,Descriptions (Part II),13.17,2017-11-09 16:57:36 UTC,,,"{""session"":""f5a808f72ea7c2180d2e65dd541621a2005819310b9b3f136e7cd02dba8d78ed"",""viewport"":{""width"":1366,""height"":662},""started_at"":""2017-11-09T16:55:44.155Z"",""user_agent"":""Mozilla/5.0 (Windows NT 10.0; Win64; x64) AppleWebKit/537.36 (KHTML, like Gecko) Chrome/61.0.3163.100 Safari/537.36"",""utc_offset"":""0"",""finished_at"":""2017-11-09T16:57:29.379Z"",""live_project"":true,""user_language"":""en"",""subject_dimensions"":[{""clientWidth"":596,""clientHeight"":596,""naturalWidth"":2000,""naturalHeight"":2000},{""clientWidth"":369,""clientHeight"":96,""naturalWidth"":432,""naturalHeight"":112}]}","[{""task"":""T0"",""task_label"":""What image is being described?"",""value"":[""d""]},{""task"":""T1"",""value"":""Answer was clear"",""task_label"":""Was the answer clear? What could be improved?""}]","{""10591472"":{""retired"":null,""id"":""3"",""image1"":""Temperature.jpg"",""image2"":""TempA3.png""}}",10591472
77821834,not-logged-in-00f3d0037c8b7171b426,,00f3d0037c8b7171b426,4459,Descriptions (Part II),13.17,2017-11-09 16:58:57 UTC,,,"{""session"":""f5a808f72ea7c2180d2e65dd541621a2005819310b9b3f136e7cd02dba8d78ed"",""viewport"":{""width"":1366,""height"":662},""started_at"":""2017-11-09T16:57:33.132Z"",""user_agent"":""Mozilla/5.0 (Windows NT 10.0; Win64; x64) AppleWebKit/537.36 (KHTML, like Gecko) Chrome/61.0.3163.100 Safari/537.36"",""utc_offset"":""0"",""finished_at"":""2017-11-09T16:58:50.061Z"",""live_project"":true,""user_language"":""en"",""subject_dimensions"":[{""clientWidth"":369,""clientHeight"":369,""naturalWidth"":2000,""naturalHeight"":2000},{""clientWidth"":369,""clientHeight"":84,""naturalWidth"":419,""naturalHeight"":96}]}","[{""task"":""T0"",""task_label"":""What image is being described?"",""value"":[""c""]},{""task"":""T1"",""value"":"""",""task_label"":""Was the answer clear? What could be improved?""}]","{""10591477"":{""retired"":null,""id"":""8"",""image1"":""Graphene.jpg"",""image2"":""GrapheneA3.png""}}",10591477
77822394,not-logged-in-00f3d0037c8b7171b426,,00f3d0037c8b7171b426,4459,Descriptions (Part II),13.17,2017-11-09 17:00:49 UTC,,,"{""session"":""f5a808f72ea7c2180d2e65dd541621a2005819310b9b3f136e7cd02dba8d78ed"",""viewport"":{""width"":1366,""height"":662},""started_at"":""2017-11-09T16:58:52.666Z"",""user_agent"":""Mozilla/5.0 (Windows NT 10.0; Win64; x64) AppleWebKit/537.36 (KHTML, like Gecko) Chrome/61.0.3163.100 Safari/537.36"",""utc_offset"":""0"",""finished_at"":""2017-11-09T17:00:41.945Z"",""live_project"":true,""user_language"":""en"",""subject_dimensions"":[{""clientWidth"":369,""clientHeight"":369,""naturalWidth"":2000,""naturalHeight"":2000},{""clientWidth"":369,""clientHeight"":149,""naturalWidth"":408,""naturalHeight"":165}]}","[{""task"":""T0"",""task_label"":""What image is being described?"",""value"":[""a""]},{""task"":""T1"",""value"":"""",""task_label"":""Was the answer clear? What could be improved?""}]","{""10591479"":{""retired"":null,""id"":""10"",""image1"":""Graphene.jpg"",""image2"":""GrapheneA5.png""}}",10591479
77822932,not-logged-in-00f3d0037c8b7171b426,,00f3d0037c8b7171b426,4459,Descriptions (Part II),13.17,2017-11-09 17:02:54 UTC,,,"{""session"":""f5a808f72ea7c2180d2e65dd541621a2005819310b9b3f136e7cd02dba8d78ed"",""viewport"":{""width"":1366,""height"":662},""started_at"":""2017-11-09T17:00:48.385Z"",""user_agent"":""Mozilla/5.0 (Windows NT 10.0; Win64; x64) AppleWebKit/537.36 (KHTML, like Gecko) Chrome/61.0.3163.100 Safari/537.36"",""utc_offset"":""0"",""finished_at"":""2017-11-09T17:02:47.174Z"",""live_project"":true,""user_language"":""en"",""subject_dimensions"":[{""clientWidth"":369,""clientHeight"":369,""naturalWidth"":2000,""naturalHeight"":2000},{""clientWidth"":369,""clientHeight"":43,""naturalWidth"":433,""naturalHeight"":50}]}","[{""task"":""T0"",""task_label"":""What image is being described?"",""value"":[""b""]},{""task"":""T1"",""value"":""Answer also shoes in front of lens so is confusing"",""task_label"":""Was the answer clear? What could be improved?""}]","{""10591484"":{""retired"":null,""id"":""15"",""image1"":""Eye.jpg"",""image2"":""EyeA3.png""}}",10591484
77823255,not-logged-in-00f3d0037c8b7171b426,,00f3d0037c8b7171b426,4459,Descriptions (Part II),13.17,2017-11-09 17:04:03 UTC,,,"{""session"":""f5a808f72ea7c2180d2e65dd541621a2005819310b9b3f136e7cd02dba8d78ed"",""viewport"":{""width"":1366,""height"":662},""started_at"":""2017-11-09T17:02:49.006Z"",""user_agent"":""Mozilla/5.0 (Windows NT 10.0; Win64; x64) AppleWebKit/537.36 (KHTML, like Gecko) Chrome/61.0.3163.100 Safari/537.36"",""utc_offset"":""0"",""finished_at"":""2017-11-09T17:03:55.908Z"",""live_project"":true,""user_language"":""en"",""subject_dimensions"":[{""clientWidth"":369,""clientHeight"":369,""naturalWidth"":2000,""naturalHeight"":2000},{""clientWidth"":369,""clientHeight"":95,""naturalWidth"":427,""naturalHeight"":110}]}","[{""task"":""T0"",""task_label"":""What image is being described?"",""value"":[""a""]},{""task"":""T1"",""value"":""clear"",""task_label"":""Was the answer clear? What could be improved?""}]","{""10591485"":{""retired"":null,""id"":""16"",""image1"":""Feynmann.jpg"",""image2"":""PdecayA1.png""}}",10591485
77823827,not-logged-in-00f3d0037c8b7171b426,,00f3d0037c8b7171b426,4459,Descriptions (Part II),13.17,2017-11-09 17:05:57 UTC,,,"{""session"":""f5a808f72ea7c2180d2e65dd541621a2005819310b9b3f136e7cd02dba8d78ed"",""viewport"":{""width"":1366,""height"":662},""started_at"":""2017-11-09T17:03:58.359Z"",""user_agent"":""Mozilla/5.0 (Windows NT 10.0; Win64; x64) AppleWebKit/537.36 (KHTML, like Gecko) Chrome/61.0.3163.100 Safari/537.36"",""utc_offset"":""0"",""finished_at"":""2017-11-09T17:05:50.121Z"",""live_project"":true,""user_language"":""en"",""subject_dimensions"":[{""clientWidth"":369,""clientHeight"":369,""naturalWidth"":2000,""naturalHeight"":2000},{""clientWidth"":369,""clientHeight"":39,""naturalWidth"":396,""naturalHeight"":42}]}","[{""task"":""T0"",""task_label"":""What image is being described?"",""value"":[""c""]},{""task"":""T1"",""value"":""not clear. Cannot tell where the p and n are or what direction they are in"",""task_label"":""Was the answer clear? What could be improved?""}]","{""10591486"":{""retired"":null,""id"":""17"",""image1"":""Feynmann.jpg"",""image2"":""PdecayA2.png""}}",10591486
