subject_id,project_id,workflow_id,subject_set_id,metadata,locations,classifications_count,retired_at,retirement_reason
10535491,4786,4351,12759,"{""Filename"":""1.jpg""}","{""0"":""https://panoptes-uploads.zooniverse.org/production/subject_location/f3b12bfa-c959-441a-b6da-e737b6540357.jpeg""}",7,,
10535491,4786,4459,12759,"{""Filename"":""1.jpg""}","{""0"":""https://panoptes-uploads.zooniverse.org/production/subject_location/f3b12bfa-c959-441a-b6da-e737b6540357.jpeg""}",0,,
10535492,4786,4351,12759,"{""Filename"":""AT1.jpg""}","{""0"":""https://panoptes-uploads.zooniverse.org/production/subject_location/642a861c-8514-4437-b6c2-f32c8a226984.jpeg""}",7,,
10535492,4786,4459,12759,"{""Filename"":""AT1.jpg""}","{""0"":""https://panoptes-uploads.zooniverse.org/production/subject_location/642a861c-8514-4437-b6c2-f32c8a226984.jpeg""}",0,,
10535493,4786,4351,12759,"{""Filename"":""CE1.jpg""}","{""0"":""https://panoptes-uploads.zooniverse.org/production/subject_location/2c2e8ef4-8e14-4428-b54a-8e61d2e5705f.jpeg""}",7,,
10535493,4786,4459,12759,"{""Filename"":""CE1.jpg""}","{""0"":""https://panoptes-uploads.zooniverse.org/production/subject_location/2c2e8ef4-8e14-4428-b54a-8e61d2e5705f.jpeg""}",0,,
10535494,4786,4351,12759,"{""Filename"":""Eye1.jpg""}","{""0"":""https://panoptes-uploads.zooniverse.org/production/subject_location/2232cad2-c2b9-471e-b7f6-63a2fc17b939.jpeg""}",7,,
10535494,4786,4459,12759,"{""Filename"":""Eye1.jpg""}","{""0"":""https://panoptes-uploads.zooniverse.org/production/subject_location/2232cad2-c2b9-471e-b7f6-63a2fc17b939.jpeg""}",0,,
10535495,4786,4351,12759,"{""Filename"":""Graphene.jpg""}","{""0"":""https://panoptes-uploads.zooniverse.org/production/subject_location/0cd864f0-c125-4143-a60f-f3b9eda55b8d.jpeg""}",7,,
10535495,4786,4459,12759,"{""Filename"":""Graphene.jpg""}","{""0"":""https://panoptes-uploads.zooniverse.org/production/subject_location/0cd864f0-c125-4143-a60f-f3b9eda55b8d.jpeg""}",0,,
10535496,4786,4351,12759,"{""Filename"":""HeatEngine.jpg""}","{""0"":""https://panoptes-uploads.zooniverse.org/production/subject_location/efa7a8f6-3df1-46b2-b72f-73bf44625391.jpeg""}",7,,
10535496,4786,4459,12759,"{""Filename"":""HeatEngine.jpg""}","{""0"":""https://panoptes-uploads.zooniverse.org/production/subject_location/efa7a8f6-3df1-46b2-b72f-73bf44625391.jpeg""}",0,,
10535497,4786,4351,12759,"{""Filename"":""NASA.jpg""}","{""0"":""https://panoptes-uploads.zooniverse.org/production/subject_location/ddecb04a-8bdf-45d2-a30f-755d2ed502e1.jpeg""}",7,,
10535497,4786,4459,12759,"{""Filename"":""NASA.jpg""}","{""0"":""https://panoptes-uploads.zooniverse.org/production/subject_location/ddecb04a-8bdf-45d2-a30f-755d2ed502e1.jpeg""}",0,,
10535498,4786,4351,12759,"{""Filename"":""Pdecay.jpg""}","{""0"":""https://panoptes-uploads.zooniverse.org/production/subject_location/efa69875-40a5-4d25-a932-45a9024ccc45.jpeg""}",7,,
10535498,4786,4459,12759,"{""Filename"":""Pdecay.jpg""}","{""0"":""https://panoptes-uploads.zooniverse.org/production/subject_location/efa69875-40a5-4d25-a932-45a9024ccc45.jpeg""}",0,,
10535499,4786,4351,12759,"{""Filename"":""Stirling Engine.jpg""}","{""0"":""https://panoptes-uploads.zooniverse.org/production/subject_location/85beacf4-3a48-4394-a4fe-6ff7a295940f.jpeg""}",7,,
10535499,4786,4459,12759,"{""Filename"":""Stirling Engine.jpg""}","{""0"":""https://panoptes-uploads.zooniverse.org/production/subject_location/85beacf4-3a48-4394-a4fe-6ff7a295940f.jpeg""}",0,,
10535500,4786,4351,12759,"{""Filename"":""VT1.jpg""}","{""0"":""https://panoptes-uploads.zooniverse.org/production/subject_location/36756b2d-708f-4cae-bd40-bf0f460e0028.jpeg""}",7,,
10535500,4786,4459,12759,"{""Filename"":""VT1.jpg""}","{""0"":""https://panoptes-uploads.zooniverse.org/production/subject_location/36756b2d-708f-4cae-bd40-bf0f460e0028.jpeg""}",0,,
10591470,4786,4351,12945,"{""id"":""1"",""image1"":""Temperature.jpg"",""image2"":""TempA1.png""}","{""0"":""https://panoptes-uploads.zooniverse.org/production/subject_location/9486936e-28d8-468d-b123-c99da6a22c56.jpeg"",""1"":""https://panoptes-uploads.zooniverse.org/production/subject_location/c12d9eda-a143-4056-b50e-5d1817eee60c.png""}",7,,
10591470,4786,4459,12945,"{""id"":""1"",""image1"":""Temperature.jpg"",""image2"":""TempA1.png""}","{""0"":""https://panoptes-uploads.zooniverse.org/production/subject_location/9486936e-28d8-468d-b123-c99da6a22c56.jpeg"",""1"":""https://panoptes-uploads.zooniverse.org/production/subject_location/c12d9eda-a143-4056-b50e-5d1817eee60c.png""}",0,,
10591471,4786,4351,12945,"{""id"":""2"",""image1"":""Temperature.jpg"",""image2"":""TempA2.png""}","{""0"":""https://panoptes-uploads.zooniverse.org/production/subject_location/7d70bc5b-5eed-4bb9-9647-2674b2f0a285.jpeg"",""1"":""https://panoptes-uploads.zooniverse.org/production/subject_location/71c228ee-a3d6-47d5-a8e1-0e9ad389488f.png""}",7,,
10591471,4786,4459,12945,"{""id"":""2"",""image1"":""Temperature.jpg"",""image2"":""TempA2.png""}","{""0"":""https://panoptes-uploads.zooniverse.org/production/subject_location/7d70bc5b-5eed-4bb9-9647-2674b2f0a285.jpeg"",""1"":""https://panoptes-uploads.zooniverse.org/production/subject_location/71c228ee-a3d6-47d5-a8e1-0e9ad389488f.png""}",0,,
10591472,4786,4351,12945,"{""id"":""3"",""image1"":""Temperature.jpg"",""image2"":""TempA3.png""}","{""0"":""https://panoptes-uploads.zooniverse.org/production/subject_location/0571cdb2-504c-4f93-9cbe-205a9ccaae42.jpeg"",""1"":""https://panoptes-uploads.zooniverse.org/production/subject_location/64b0840e-ab9b-4ad3-a672-bc00461fa765.png""}",7,,
10591472,4786,4459,12945,"{""id"":""3"",""image1"":""Temperature.jpg"",""image2"":""TempA3.png""}","{""0"":""https://panoptes-uploads.zooniverse.org/production/subject_location/0571cdb2-504c-4f93-9cbe-205a9ccaae42.jpeg"",""1"":""https://panoptes-uploads.zooniverse.org/production/subject_location/64b0840e-ab9b-4ad3-a672-bc00461fa765.png""}",0,,
10591473,4786,4351,12945,"{""id"":""4"",""image1"":""Temperature.jpg"",""image2"":""TempA4.png""}","{""0"":""https://panoptes-uploads.zooniverse.org/production/subject_location/ecfab498-939c-45a5-877b-7bde066447a8.jpeg"",""1"":""https://panoptes-uploads.zooniverse.org/production/subject_location/cb2dc93e-9d07-4c68-beba-b4832267f774.png""}",7,,
10591473,4786,4459,12945,"{""id"":""4"",""image1"":""Temperature.jpg"",""image2"":""TempA4.png""}","{""0"":""https://panoptes-uploads.zooniverse.org/production/subject_location/ecfab498-939c-45a5-877b-7bde066447a8.jpeg"",""1"":""https://panoptes-uploads.zooniverse.org/production/subject_location/cb2dc93e-9d07-4c68-beba-b4832267f774.png""}",0,,
10591474,4786,4351,12945,"{""id"":""5"",""image1"":""Temperature.jpg"",""image2"":""TempA5.png""}","{""0"":""https://panoptes-uploads.zooniverse.org/production/subject_location/0d643744-afa3-4e10-9e61-99cb97a8327b.jpeg"",""1"":""https://panoptes-uploads.zooniverse.org/production/subject_location/d2e97164-fd53-4352-aac9-9bcc0d107b44.png""}",7,,
10591474,4786,4459,12945,"{""id"":""5"",""image1"":""Temperature.jpg"",""image2"":""TempA5.png""}","{""0"":""https://panoptes-uploads.zooniverse.org/production/subject_location/0d643744-afa3-4e10-9e61-99cb97a8327b.jpeg"",""1"":""https://panoptes-uploads.zooniverse.org/production/subject_location/d2e97164-fd53-4352-aac9-9bcc0d107b44.png""}",0,,
10591475,4786,4351,12945,"{""id"":""6"",""image1"":""Graphene.jpg"",""image2"":""GrapheneA1.png""}","{""0"":""https://panoptes-uploads.zooniverse.org/production/subject_location/f38da245-0496-49d1-a8e4-bf00cf099148.jpeg"",""1"":""https://panoptes-uploads.zooniverse.org/production/subject_location/7a7162c7-bcef-42ae-bfc4-2836c4bd0100.png""}",7,,
10591475,4786,4459,12945,"{""id"":""6"",""image1"":""Graphene.jpg"",""image2"":""GrapheneA1.png""}","{""0"":""https://panoptes-uploads.zooniverse.org/production/subject_location/f38da245-0496-49d1-a8e4-bf00cf099148.jpeg"",""1"":""https://panoptes-uploads.zooniverse.org/production/subject_location/7a7162c7-bcef-42ae-bfc4-2836c4bd0100.png""}",0,,
10591476,4786,4351,12945,"{""id"":""7"",""image1"":""Graphene.jpg"",""image2"":""GrapheneA2.png""}","{""0"":""https://panoptes-uploads.zooniverse.org/production/subject_location/2161c4de-793e-47e8-a703-cae85dc4af40.jpeg"",""1"":""https://panoptes-uploads.zooniverse.org/production/subject_location/9848131e-6059-4921-bd00-b83a7bc15214.png""}",7,,
10591476,4786,4459,12945,"{""id"":""7"",""image1"":""Graphene.jpg"",""image2"":""GrapheneA2.png""}","{""0"":""https://panoptes-uploads.zooniverse.org/production/subject_location/2161c4de-793e-47e8-a703-cae85dc4af40.jpeg"",""1"":""https://panoptes-uploads.zooniverse.org/production/subject_location/9848131e-6059-4921-bd00-b83a7bc15214.png""}",0,,
10591477,4786,4351,12945,"{""id"":""8"",""image1"":""Graphene.jpg"",""image2"":""GrapheneA3.png""}","{""0"":""https://panoptes-uploads.zooniverse.org/production/subject_location/699d0a68-b2bb-4b6f-8881-d00c94d820eb.jpeg"",""1"":""https://panoptes-uploads.zooniverse.org/production/subject_location/0fd45822-6bb0-45be-a61f-764e3d1c8245.png""}",7,,
10591477,4786,4459,12945,"{""id"":""8"",""image1"":""Graphene.jpg"",""image2"":""GrapheneA3.png""}","{""0"":""https://panoptes-uploads.zooniverse.org/production/subject_location/699d0a68-b2bb-4b6f-8881-d00c94d820eb.jpeg"",""1"":""https://panoptes-uploads.zooniverse.org/production/subject_location/0fd45822-6bb0-45be-a61f-764e3d1c8245.png""}",0,,
10591478,4786,4351,12945,"{""id"":""9"",""image1"":""Graphene.jpg"",""image2"":""GrapheneA4.png""}","{""0"":""https://panoptes-uploads.zooniverse.org/production/subject_location/404ce7f9-0282-4e79-be34-fd2f0e1ec759.jpeg"",""1"":""https://panoptes-uploads.zooniverse.org/production/subject_location/ec3cebef-eaea-43e4-94ed-1d5c94be98f8.png""}",7,,
10591478,4786,4459,12945,"{""id"":""9"",""image1"":""Graphene.jpg"",""image2"":""GrapheneA4.png""}","{""0"":""https://panoptes-uploads.zooniverse.org/production/subject_location/404ce7f9-0282-4e79-be34-fd2f0e1ec759.jpeg"",""1"":""https://panoptes-uploads.zooniverse.org/production/subject_location/ec3cebef-eaea-43e4-94ed-1d5c94be98f8.png""}",0,,
10591479,4786,4351,12945,"{""id"":""10"",""image1"":""Graphene.jpg"",""image2"":""GrapheneA5.png""}","{""0"":""https://panoptes-uploads.zooniverse.org/production/subject_location/aea1f68d-ff6c-4428-ba10-c687f6591870.jpeg"",""1"":""https://panoptes-uploads.zooniverse.org/production/subject_location/9fe16781-a2f2-494a-94bd-25f13be1988f.png""}",7,,
10591479,4786,4459,12945,"{""id"":""10"",""image1"":""Graphene.jpg"",""image2"":""GrapheneA5.png""}","{""0"":""https://panoptes-uploads.zooniverse.org/production/subject_location/aea1f68d-ff6c-4428-ba10-c687f6591870.jpeg"",""1"":""https://panoptes-uploads.zooniverse.org/production/subject_location/9fe16781-a2f2-494a-94bd-25f13be1988f.png""}",0,,
10591480,4786,4351,12945,"{""id"":""11"",""image1"":""Reservoir.jpg"",""image2"":""HeatA1.png""}","{""0"":""https://panoptes-uploads.zooniverse.org/production/subject_location/01f7666d-26e8-403f-9b01-5ac4c19b51a1.jpeg"",""1"":""https://panoptes-uploads.zooniverse.org/production/subject_location/78a2fc7c-aa82-477c-bf73-7349046b49d5.png""}",7,,
10591480,4786,4459,12945,"{""id"":""11"",""image1"":""Reservoir.jpg"",""image2"":""HeatA1.png""}","{""0"":""https://panoptes-uploads.zooniverse.org/production/subject_location/01f7666d-26e8-403f-9b01-5ac4c19b51a1.jpeg"",""1"":""https://panoptes-uploads.zooniverse.org/production/subject_location/78a2fc7c-aa82-477c-bf73-7349046b49d5.png""}",0,,
10591481,4786,4351,12945,"{""id"":""12"",""image1"":""Reservoir.jpg"",""image2"":""HeatA2.png""}","{""0"":""https://panoptes-uploads.zooniverse.org/production/subject_location/26dffd4a-2875-42ef-a4d6-b87ed2d421ff.jpeg"",""1"":""https://panoptes-uploads.zooniverse.org/production/subject_location/91ff39f6-0c6b-4cc6-a7a0-33e9b7d67436.png""}",7,,
10591481,4786,4459,12945,"{""id"":""12"",""image1"":""Reservoir.jpg"",""image2"":""HeatA2.png""}","{""0"":""https://panoptes-uploads.zooniverse.org/production/subject_location/26dffd4a-2875-42ef-a4d6-b87ed2d421ff.jpeg"",""1"":""https://panoptes-uploads.zooniverse.org/production/subject_location/91ff39f6-0c6b-4cc6-a7a0-33e9b7d67436.png""}",0,,
10591482,4786,4351,12945,"{""id"":""13"",""image1"":""Eye.jpg"",""image2"":""EyeA1.png""}","{""0"":""https://panoptes-uploads.zooniverse.org/production/subject_location/e68a9b40-32f8-4e69-8e92-fdd6168d8f94.jpeg"",""1"":""https://panoptes-uploads.zooniverse.org/production/subject_location/dd9e5c7c-cece-414f-9b66-d407888297f1.png""}",7,,
10591482,4786,4459,12945,"{""id"":""13"",""image1"":""Eye.jpg"",""image2"":""EyeA1.png""}","{""0"":""https://panoptes-uploads.zooniverse.org/production/subject_location/e68a9b40-32f8-4e69-8e92-fdd6168d8f94.jpeg"",""1"":""https://panoptes-uploads.zooniverse.org/production/subject_location/dd9e5c7c-cece-414f-9b66-d407888297f1.png""}",0,,
10591483,4786,4351,12945,"{""id"":""14"",""image1"":""Eye.jpg"",""image2"":""EyeA2.png""}","{""0"":""https://panoptes-uploads.zooniverse.org/production/subject_location/722fa111-8fbe-44ae-9085-13a1c5b26f6e.jpeg"",""1"":""https://panoptes-uploads.zooniverse.org/production/subject_location/6074aada-2b4a-4592-bfb0-5034bfb930f1.png""}",7,,
10591483,4786,4459,12945,"{""id"":""14"",""image1"":""Eye.jpg"",""image2"":""EyeA2.png""}","{""0"":""https://panoptes-uploads.zooniverse.org/production/subject_location/722fa111-8fbe-44ae-9085-13a1c5b26f6e.jpeg"",""1"":""https://panoptes-uploads.zooniverse.org/production/subject_location/6074aada-2b4a-4592-bfb0-5034bfb930f1.png""}",0,,
10591484,4786,4351,12945,"{""id"":""15"",""image1"":""Eye.jpg"",""image2"":""EyeA3.png""}","{""0"":""https://panoptes-uploads.zooniverse.org/production/subject_location/7dc74e9d-259f-4510-b6e8-040b3fb1d252.jpeg"",""1"":""https://panoptes-uploads.zooniverse.org/production/subject_location/aefe30a5-dd89-44e7-90de-b0b5471b7b0f.png""}",7,,
10591484,4786,4459,12945,"{""id"":""15"",""image1"":""Eye.jpg"",""image2"":""EyeA3.png""}","{""0"":""https://panoptes-uploads.zooniverse.org/production/subject_location/7dc74e9d-259f-4510-b6e8-040b3fb1d252.jpeg"",""1"":""https://panoptes-uploads.zooniverse.org/production/subject_location/aefe30a5-dd89-44e7-90de-b0b5471b7b0f.png""}",0,,
10591485,4786,4351,12945,"{""id"":""16"",""image1"":""Feynmann.jpg"",""image2"":""PdecayA1.png""}","{""0"":""https://panoptes-uploads.zooniverse.org/production/subject_location/fce6c894-957a-4ce8-86d6-9529b49ae1ba.jpeg"",""1"":""https://panoptes-uploads.zooniverse.org/production/subject_location/8af71b33-7a66-49a5-bd60-4b796db19d25.png""}",7,,
10591485,4786,4459,12945,"{""id"":""16"",""image1"":""Feynmann.jpg"",""image2"":""PdecayA1.png""}","{""0"":""https://panoptes-uploads.zooniverse.org/production/subject_location/fce6c894-957a-4ce8-86d6-9529b49ae1ba.jpeg"",""1"":""https://panoptes-uploads.zooniverse.org/production/subject_location/8af71b33-7a66-49a5-bd60-4b796db19d25.png""}",0,,
10591486,4786,4351,12945,"{""id"":""17"",""image1"":""Feynmann.jpg"",""image2"":""PdecayA2.png""}","{""0"":""https://panoptes-uploads.zooniverse.org/production/subject_location/c721c5c9-20a5-47d4-84dd-b70182c18f54.jpeg"",""1"":""https://panoptes-uploads.zooniverse.org/production/subject_location/f1780387-8804-4030-93b0-85c963cf328f.png""}",7,,
10591486,4786,4459,12945,"{""id"":""17"",""image1"":""Feynmann.jpg"",""image2"":""PdecayA2.png""}","{""0"":""https://panoptes-uploads.zooniverse.org/production/subject_location/c721c5c9-20a5-47d4-84dd-b70182c18f54.jpeg"",""1"":""https://panoptes-uploads.zooniverse.org/production/subject_location/f1780387-8804-4030-93b0-85c963cf328f.png""}",0,,
10591487,4786,4351,12945,"{""id"":""18"",""image1"":""Feynmann.jpg"",""image2"":""PdecayA3.png""}","{""0"":""https://panoptes-uploads.zooniverse.org/production/subject_location/9bf3e5e7-8f8c-4ab8-b169-7472636ce156.jpeg"",""1"":""https://panoptes-uploads.zooniverse.org/production/subject_location/367db6a3-da91-4f62-b101-45c3af9eac13.png""}",7,,
10591487,4786,4459,12945,"{""id"":""18"",""image1"":""Feynmann.jpg"",""image2"":""PdecayA3.png""}","{""0"":""https://panoptes-uploads.zooniverse.org/production/subject_location/9bf3e5e7-8f8c-4ab8-b169-7472636ce156.jpeg"",""1"":""https://panoptes-uploads.zooniverse.org/production/subject_location/367db6a3-da91-4f62-b101-45c3af9eac13.png""}",0,,
10591488,4786,4351,12945,"{""id"":""19"",""image1"":""Feynmann.jpg"",""image2"":""PdecayA4.png""}","{""0"":""https://panoptes-uploads.zooniverse.org/production/subject_location/2a284bf0-85a7-4c61-b73b-e7f689fc92af.jpeg"",""1"":""https://panoptes-uploads.zooniverse.org/production/subject_location/1b1ecbd5-20fa-4cfe-a4b4-684511a0a9c9.png""}",7,,
10591488,4786,4459,12945,"{""id"":""19"",""image1"":""Feynmann.jpg"",""image2"":""PdecayA4.png""}","{""0"":""https://panoptes-uploads.zooniverse.org/production/subject_location/2a284bf0-85a7-4c61-b73b-e7f689fc92af.jpeg"",""1"":""https://panoptes-uploads.zooniverse.org/production/subject_location/1b1ecbd5-20fa-4cfe-a4b4-684511a0a9c9.png""}",0,,
10591489,4786,4351,12945,"{""id"":""20"",""image1"":""Integrals.jpg"",""image2"":""IntegralA1.png""}","{""0"":""https://panoptes-uploads.zooniverse.org/production/subject_location/4f7ba9aa-6037-478a-a4bc-eed43f4d589b.jpeg"",""1"":""https://panoptes-uploads.zooniverse.org/production/subject_location/78a69d65-e14b-49bd-a9c6-bdff918c7bac.png""}",7,,
10591489,4786,4459,12945,"{""id"":""20"",""image1"":""Integrals.jpg"",""image2"":""IntegralA1.png""}","{""0"":""https://panoptes-uploads.zooniverse.org/production/subject_location/4f7ba9aa-6037-478a-a4bc-eed43f4d589b.jpeg"",""1"":""https://panoptes-uploads.zooniverse.org/production/subject_location/78a69d65-e14b-49bd-a9c6-bdff918c7bac.png""}",0,,
10591490,4786,4351,12945,"{""id"":""21"",""image1"":""Integrals.jpg"",""image2"":""IntegralA2.png""}","{""0"":""https://panoptes-uploads.zooniverse.org/production/subject_location/8323e1bc-2a45-4818-bdd6-c0f583cc23ec.jpeg"",""1"":""https://panoptes-uploads.zooniverse.org/production/subject_location/ecffe75a-5bac-4ec8-935a-8c1e7a55d0c6.png""}",7,,
10591490,4786,4459,12945,"{""id"":""21"",""image1"":""Integrals.jpg"",""image2"":""IntegralA2.png""}","{""0"":""https://panoptes-uploads.zooniverse.org/production/subject_location/8323e1bc-2a45-4818-bdd6-c0f583cc23ec.jpeg"",""1"":""https://panoptes-uploads.zooniverse.org/production/subject_location/ecffe75a-5bac-4ec8-935a-8c1e7a55d0c6.png""}",0,,
10591491,4786,4351,12945,"{""id"":""22"",""image1"":""Integrals.jpg"",""image2"":""IntegralA3.png""}","{""0"":""https://panoptes-uploads.zooniverse.org/production/subject_location/439989ca-114a-4d61-9f5c-17fdfe8d6d39.jpeg"",""1"":""https://panoptes-uploads.zooniverse.org/production/subject_location/d7a42366-c842-4abd-ad9d-b836b5e4eb20.png""}",7,,
10591491,4786,4459,12945,"{""id"":""22"",""image1"":""Integrals.jpg"",""image2"":""IntegralA3.png""}","{""0"":""https://panoptes-uploads.zooniverse.org/production/subject_location/439989ca-114a-4d61-9f5c-17fdfe8d6d39.jpeg"",""1"":""https://panoptes-uploads.zooniverse.org/production/subject_location/d7a42366-c842-4abd-ad9d-b836b5e4eb20.png""}",0,,
10591492,4786,4351,12945,"{""id"":""23"",""image1"":""NASA.jpg"",""image2"":""NASAA1.png""}","{""0"":""https://panoptes-uploads.zooniverse.org/production/subject_location/3b8d87d9-3e2a-40b8-a3a7-270c965192a6.jpeg"",""1"":""https://panoptes-uploads.zooniverse.org/production/subject_location/97adf8c6-7527-4491-813e-c56e3ddedec9.png""}",7,,
10591492,4786,4459,12945,"{""id"":""23"",""image1"":""NASA.jpg"",""image2"":""NASAA1.png""}","{""0"":""https://panoptes-uploads.zooniverse.org/production/subject_location/3b8d87d9-3e2a-40b8-a3a7-270c965192a6.jpeg"",""1"":""https://panoptes-uploads.zooniverse.org/production/subject_location/97adf8c6-7527-4491-813e-c56e3ddedec9.png""}",0,,
10591493,4786,4351,12945,"{""id"":""24"",""image1"":""Stirling.jpg"",""image2"":""StirlingA1.png""}","{""0"":""https://panoptes-uploads.zooniverse.org/production/subject_location/3e0864bc-5231-4c93-b33c-256bd9323a47.jpeg"",""1"":""https://panoptes-uploads.zooniverse.org/production/subject_location/aa00ae44-1478-4c03-bfed-fa3198fd95e7.png""}",7,,
10591493,4786,4459,12945,"{""id"":""24"",""image1"":""Stirling.jpg"",""image2"":""StirlingA1.png""}","{""0"":""https://panoptes-uploads.zooniverse.org/production/subject_location/3e0864bc-5231-4c93-b33c-256bd9323a47.jpeg"",""1"":""https://panoptes-uploads.zooniverse.org/production/subject_location/aa00ae44-1478-4c03-bfed-fa3198fd95e7.png""}",0,,
10591496,4786,4351,12945,"{""id"":""27"",""image1"":""Stirling.jpg"",""image2"":""StirlingA4.png""}","{""0"":""https://panoptes-uploads.zooniverse.org/production/subject_location/500cbb65-43b0-48d3-8231-f1b697a51622.jpeg"",""1"":""https://panoptes-uploads.zooniverse.org/production/subject_location/3da5492c-3fda-47a6-9376-09cd784fae80.png""}",7,,
10591496,4786,4459,12945,"{""id"":""27"",""image1"":""Stirling.jpg"",""image2"":""StirlingA4.png""}","{""0"":""https://panoptes-uploads.zooniverse.org/production/subject_location/500cbb65-43b0-48d3-8231-f1b697a51622.jpeg"",""1"":""https://panoptes-uploads.zooniverse.org/production/subject_location/3da5492c-3fda-47a6-9376-09cd784fae80.png""}",0,,
10591497,4786,4351,12945,"{""id"":""28"",""image1"":""Emissions.jpg"",""image2"":""EmissionsA1.png""}","{""0"":""https://panoptes-uploads.zooniverse.org/production/subject_location/0c8118eb-c6ef-41b8-8e3d-cb3e50411e27.jpeg"",""1"":""https://panoptes-uploads.zooniverse.org/production/subject_location/060233ec-dd08-4214-9805-ed5e06a6e906.png""}",7,,
10591497,4786,4459,12945,"{""id"":""28"",""image1"":""Emissions.jpg"",""image2"":""EmissionsA1.png""}","{""0"":""https://panoptes-uploads.zooniverse.org/production/subject_location/0c8118eb-c6ef-41b8-8e3d-cb3e50411e27.jpeg"",""1"":""https://panoptes-uploads.zooniverse.org/production/subject_location/060233ec-dd08-4214-9805-ed5e06a6e906.png""}",0,,
10591498,4786,4351,12945,"{""id"":""29"",""image1"":""Emissions.jpg"",""image2"":""EmissionsA2.png""}","{""0"":""https://panoptes-uploads.zooniverse.org/production/subject_location/46b580c6-909f-422e-9181-9b166a8c2713.jpeg"",""1"":""https://panoptes-uploads.zooniverse.org/production/subject_location/205d38d8-4af5-4fcb-8598-43b68e5d667d.png""}",7,,
10591498,4786,4459,12945,"{""id"":""29"",""image1"":""Emissions.jpg"",""image2"":""EmissionsA2.png""}","{""0"":""https://panoptes-uploads.zooniverse.org/production/subject_location/46b580c6-909f-422e-9181-9b166a8c2713.jpeg"",""1"":""https://panoptes-uploads.zooniverse.org/production/subject_location/205d38d8-4af5-4fcb-8598-43b68e5d667d.png""}",0,,
10591499,4786,4351,12945,"{""id"":""30"",""image1"":""Emissions.jpg"",""image2"":""EmissionsA3.png""}","{""0"":""https://panoptes-uploads.zooniverse.org/production/subject_location/6eb1fa89-b3a9-4d9d-98f3-a120a09dc4f7.jpeg"",""1"":""https://panoptes-uploads.zooniverse.org/production/subject_location/d46f5df8-94cf-4b7f-961c-a1958bf2067f.png""}",7,,
10591499,4786,4459,12945,"{""id"":""30"",""image1"":""Emissions.jpg"",""image2"":""EmissionsA3.png""}","{""0"":""https://panoptes-uploads.zooniverse.org/production/subject_location/6eb1fa89-b3a9-4d9d-98f3-a120a09dc4f7.jpeg"",""1"":""https://panoptes-uploads.zooniverse.org/production/subject_location/d46f5df8-94cf-4b7f-961c-a1958bf2067f.png""}",0,,
10591500,4786,4351,12945,"{""id"":""31"",""image1"":""Velocity.jpg"",""image2"":""VTA1.png""}","{""0"":""https://panoptes-uploads.zooniverse.org/production/subject_location/64694ddc-7ed8-49cc-9b93-3b6d8721a3b4.jpeg"",""1"":""https://panoptes-uploads.zooniverse.org/production/subject_location/eb5e4f06-2934-4de2-a579-462bfefd9d74.png""}",7,,
10591500,4786,4459,12945,"{""id"":""31"",""image1"":""Velocity.jpg"",""image2"":""VTA1.png""}","{""0"":""https://panoptes-uploads.zooniverse.org/production/subject_location/64694ddc-7ed8-49cc-9b93-3b6d8721a3b4.jpeg"",""1"":""https://panoptes-uploads.zooniverse.org/production/subject_location/eb5e4f06-2934-4de2-a579-462bfefd9d74.png""}",0,,
10591501,4786,4351,12945,"{""id"":""32"",""image1"":""Velocity.jpg"",""image2"":""VTA2.png""}","{""0"":""https://panoptes-uploads.zooniverse.org/production/subject_location/40b9dc57-5cfc-402e-a9b4-9b4ebb401ff7.jpeg"",""1"":""https://panoptes-uploads.zooniverse.org/production/subject_location/cc97b63b-507d-4473-bbc0-1b075f6a4c53.png""}",7,,
10591501,4786,4459,12945,"{""id"":""32"",""image1"":""Velocity.jpg"",""image2"":""VTA2.png""}","{""0"":""https://panoptes-uploads.zooniverse.org/production/subject_location/40b9dc57-5cfc-402e-a9b4-9b4ebb401ff7.jpeg"",""1"":""https://panoptes-uploads.zooniverse.org/production/subject_location/cc97b63b-507d-4473-bbc0-1b075f6a4c53.png""}",0,,
10591502,4786,4351,12945,"{""id"":""33"",""image1"":""Velocity.jpg"",""image2"":""VTA3.png""}","{""0"":""https://panoptes-uploads.zooniverse.org/production/subject_location/a7bd24f4-de61-469c-9d5e-029b8d3aac9a.jpeg"",""1"":""https://panoptes-uploads.zooniverse.org/production/subject_location/52b0a6a2-1d61-4be5-b84e-c9fab92de65e.png""}",7,,
10591502,4786,4459,12945,"{""id"":""33"",""image1"":""Velocity.jpg"",""image2"":""VTA3.png""}","{""0"":""https://panoptes-uploads.zooniverse.org/production/subject_location/a7bd24f4-de61-469c-9d5e-029b8d3aac9a.jpeg"",""1"":""https://panoptes-uploads.zooniverse.org/production/subject_location/52b0a6a2-1d61-4be5-b84e-c9fab92de65e.png""}",0,,
10592027,4786,4351,13003,"{""id"":""1"",""image1"":""Temperature.jpg"",""image2"":""TempA1.png""}","{""0"":""https://panoptes-uploads.zooniverse.org/production/subject_location/e800ef9b-a607-42a7-b8eb-2acc0357ba0d.jpeg"",""1"":""https://panoptes-uploads.zooniverse.org/production/subject_location/35ca199f-0b30-4aa2-bd64-0c5550d98fc1.png""}",7,,
10592027,4786,4459,13003,"{""id"":""1"",""image1"":""Temperature.jpg"",""image2"":""TempA1.png""}","{""0"":""https://panoptes-uploads.zooniverse.org/production/subject_location/e800ef9b-a607-42a7-b8eb-2acc0357ba0d.jpeg"",""1"":""https://panoptes-uploads.zooniverse.org/production/subject_location/35ca199f-0b30-4aa2-bd64-0c5550d98fc1.png""}",0,,
10592030,4786,4351,13003,"{""id"":""2"",""image1"":""Graphene.jpg"",""image2"":""GrapheneA1.png""}","{""0"":""https://panoptes-uploads.zooniverse.org/production/subject_location/178db287-f6a1-4f56-aefb-1e45b1c61b58.jpeg"",""1"":""https://panoptes-uploads.zooniverse.org/production/subject_location/9483065b-d584-4451-8acc-cde689f1af53.png""}",7,,
10592030,4786,4459,13003,"{""id"":""2"",""image1"":""Graphene.jpg"",""image2"":""GrapheneA1.png""}","{""0"":""https://panoptes-uploads.zooniverse.org/production/subject_location/178db287-f6a1-4f56-aefb-1e45b1c61b58.jpeg"",""1"":""https://panoptes-uploads.zooniverse.org/production/subject_location/9483065b-d584-4451-8acc-cde689f1af53.png""}",0,,
10592032,4786,4351,13003,"{""id"":""3"",""image1"":""Reservoir.jpg"",""image2"":""HeatA1.png""}","{""0"":""https://panoptes-uploads.zooniverse.org/production/subject_location/eede23e4-a32c-4950-826c-c7ae0aec47c7.jpeg"",""1"":""https://panoptes-uploads.zooniverse.org/production/subject_location/c1cf35ff-4941-4e6f-b334-bfa603b7afe6.png""}",7,,
10592032,4786,4459,13003,"{""id"":""3"",""image1"":""Reservoir.jpg"",""image2"":""HeatA1.png""}","{""0"":""https://panoptes-uploads.zooniverse.org/production/subject_location/eede23e4-a32c-4950-826c-c7ae0aec47c7.jpeg"",""1"":""https://panoptes-uploads.zooniverse.org/production/subject_location/c1cf35ff-4941-4e6f-b334-bfa603b7afe6.png""}",0,,
10592034,4786,4351,13003,"{""id"":""4"",""image1"":""Eye.jpg"",""image2"":""EyeA1.png""}","{""0"":""https://panoptes-uploads.zooniverse.org/production/subject_location/b0d88385-02ed-4cae-bad2-c0dd4bb06298.jpeg"",""1"":""https://panoptes-uploads.zooniverse.org/production/subject_location/98ee9f80-033d-46f5-84d9-65a5acd478e9.png""}",7,,
10592034,4786,4459,13003,"{""id"":""4"",""image1"":""Eye.jpg"",""image2"":""EyeA1.png""}","{""0"":""https://panoptes-uploads.zooniverse.org/production/subject_location/b0d88385-02ed-4cae-bad2-c0dd4bb06298.jpeg"",""1"":""https://panoptes-uploads.zooniverse.org/production/subject_location/98ee9f80-033d-46f5-84d9-65a5acd478e9.png""}",0,,
10592036,4786,4351,13003,"{""id"":""5"",""image1"":""Feynmann.jpg"",""image2"":""PdecayA1.png""}","{""0"":""https://panoptes-uploads.zooniverse.org/production/subject_location/228141a2-1658-4214-9ff2-9ba0cf481af1.jpeg"",""1"":""https://panoptes-uploads.zooniverse.org/production/subject_location/3fd360a1-5358-43ab-a2ef-a76a5f308a4f.png""}",7,,
10592036,4786,4459,13003,"{""id"":""5"",""image1"":""Feynmann.jpg"",""image2"":""PdecayA1.png""}","{""0"":""https://panoptes-uploads.zooniverse.org/production/subject_location/228141a2-1658-4214-9ff2-9ba0cf481af1.jpeg"",""1"":""https://panoptes-uploads.zooniverse.org/production/subject_location/3fd360a1-5358-43ab-a2ef-a76a5f308a4f.png""}",0,,
10592038,4786,4351,13003,"{""id"":""6"",""image1"":""Integrals.jpg"",""image2"":""IntegralA1.png""}","{""0"":""https://panoptes-uploads.zooniverse.org/production/subject_location/6cea7feb-3e98-4132-8bcd-53390129a68c.jpeg"",""1"":""https://panoptes-uploads.zooniverse.org/production/subject_location/53237d33-9070-4ff4-8273-905cf95a4f79.png""}",7,,
10592038,4786,4459,13003,"{""id"":""6"",""image1"":""Integrals.jpg"",""image2"":""IntegralA1.png""}","{""0"":""https://panoptes-uploads.zooniverse.org/production/subject_location/6cea7feb-3e98-4132-8bcd-53390129a68c.jpeg"",""1"":""https://panoptes-uploads.zooniverse.org/production/subject_location/53237d33-9070-4ff4-8273-905cf95a4f79.png""}",0,,
10592040,4786,4351,13003,"{""id"":""7"",""image1"":""NASA.jpg"",""image2"":""NASAA1.png""}","{""0"":""https://panoptes-uploads.zooniverse.org/production/subject_location/f30d545c-94ee-47ed-8e2c-ee12f686e338.jpeg"",""1"":""https://panoptes-uploads.zooniverse.org/production/subject_location/00e30a2f-36cb-4511-abab-b8326231ec55.png""}",7,,
10592040,4786,4459,13003,"{""id"":""7"",""image1"":""NASA.jpg"",""image2"":""NASAA1.png""}","{""0"":""https://panoptes-uploads.zooniverse.org/production/subject_location/f30d545c-94ee-47ed-8e2c-ee12f686e338.jpeg"",""1"":""https://panoptes-uploads.zooniverse.org/production/subject_location/00e30a2f-36cb-4511-abab-b8326231ec55.png""}",0,,
10592042,4786,4351,13003,"{""id"":""8"",""image1"":""Stirling.jpg"",""image2"":""StirlingA1.png""}","{""0"":""https://panoptes-uploads.zooniverse.org/production/subject_location/8e66cce8-8211-48fb-9ff3-e21197fa0869.jpeg"",""1"":""https://panoptes-uploads.zooniverse.org/production/subject_location/fe4bc253-b9ec-4114-890b-8b504ec16086.png""}",7,,
10592042,4786,4459,13003,"{""id"":""8"",""image1"":""Stirling.jpg"",""image2"":""StirlingA1.png""}","{""0"":""https://panoptes-uploads.zooniverse.org/production/subject_location/8e66cce8-8211-48fb-9ff3-e21197fa0869.jpeg"",""1"":""https://panoptes-uploads.zooniverse.org/production/subject_location/fe4bc253-b9ec-4114-890b-8b504ec16086.png""}",0,,
10592044,4786,4351,13003,"{""id"":""9"",""image1"":""Emissions.jpg"",""image2"":""EmissionsA1.png""}","{""0"":""https://panoptes-uploads.zooniverse.org/production/subject_location/9aae4e19-a6b8-47e7-bcad-657f70301cf8.jpeg"",""1"":""https://panoptes-uploads.zooniverse.org/production/subject_location/0782d77b-ed5f-439d-a0a6-56a59aba32b7.png""}",7,,
10592044,4786,4459,13003,"{""id"":""9"",""image1"":""Emissions.jpg"",""image2"":""EmissionsA1.png""}","{""0"":""https://panoptes-uploads.zooniverse.org/production/subject_location/9aae4e19-a6b8-47e7-bcad-657f70301cf8.jpeg"",""1"":""https://panoptes-uploads.zooniverse.org/production/subject_location/0782d77b-ed5f-439d-a0a6-56a59aba32b7.png""}",0,,
10592047,4786,4351,13003,"{""id"":""10"",""image1"":""Velocity.jpg"",""image2"":""VTA1.png""}","{""0"":""https://panoptes-uploads.zooniverse.org/production/subject_location/28976c97-17ec-4631-82c1-7b217a6b6aa0.jpeg"",""1"":""https://panoptes-uploads.zooniverse.org/production/subject_location/e5857405-e2bb-4a6e-bda1-dc093a71c5c4.png""}",7,,
10592047,4786,4459,13003,"{""id"":""10"",""image1"":""Velocity.jpg"",""image2"":""VTA1.png""}","{""0"":""https://panoptes-uploads.zooniverse.org/production/subject_location/28976c97-17ec-4631-82c1-7b217a6b6aa0.jpeg"",""1"":""https://panoptes-uploads.zooniverse.org/production/subject_location/e5857405-e2bb-4a6e-bda1-dc093a71c5c4.png""}",0,,
